provider_id,parent_account_id,provider_sales_id,vendor_name,country_code,business_segment_v2,provider_name,city_name,account_management_segment,gmv_eur,orders_n,provider_cm_l2_pct_gmv,country_cm_l2_pct_gmv,cm_l2_pp_above_country
8264,5815,7694714,"Duck, please",ua,SMB (AM Segment),Duck Please Володимирська,Kyiv,Platinum (AM Segment),18152.460327148438,617.0,14.101207320226822,2.3596736654725854,11.741533654754235
156717,116972,50006455725,INTERMEZZO DP Dnipro,ua,SMB (AM Segment),Intermezzo,Dnipro,Missing AM Segment Trait,16557.90869140625,789.0,18.400935720034656,2.3596736654725854,16.041262054562072
12909,9333,7699561,T-Bone Prime Beef,ua,SMB (AM Segment),T-Bone Prime Beef,Kyiv,Gold (AM Segment),13989.906494140625,523.0,10.049213828339584,2.3596736654725854,7.689540162866998
110888,78808,50005683991,SI Kyiv,ua,SMB (AM Segment),Si,Kyiv,Missing AM Segment Trait,13636.064392089844,500.0,8.849862752562707,2.3596736654725854,6.490189087090122
180746,135289,50006674769,REBERNYA IF Ivano-Frankivsk,ua,SMB (AM Segment),Реберня в Івано-Франківську,Ivano-Frankivsk,Missing AM Segment Trait,12357.8408203125,562.0,8.169653887830497,2.3596736654725854,5.809980222357912
103975,47633,50005571764,Yalla,ua,SMB (AM Segment),Yalla вул. Гончара,Kyiv,Missing AM Segment Trait,11808.475646972656,547.0,11.59231054685385,2.3596736654725854,9.232636881381264
124722,90508,100005027286,Рибка з неба,ua,SMB (AM Segment),Рибка з неба,Kyiv,Missing AM Segment Trait,11736.768157958984,392.0,7.391849249369886,2.3596736654725854,5.032175583897301
12625,5815,7698023,"Duck, please",ua,SMB (AM Segment),Duck Please Дніпровська набережна,Kyiv,Platinum (AM Segment),11563.315002441406,436.0,14.36697428099887,2.3596736654725854,12.007300615526283
121900,56231,50005935249,Грузинський,ua,SMB (AM Segment),Грузинський,Lviv,Missing AM Segment Trait,10336.443420410156,425.0,11.83171725538354,2.3596736654725854,9.472043589910953
69876,46813,51865250042,Tasty tail,ua,SMB (AM Segment),Tasty tail,Lviv,Gold (AM Segment),10049.811767578125,510.0,7.7243501085620165,2.3596736654725854,5.364676443089431
168737,126199,50006588009,MARCHUK Kyiv,ua,SMB (AM Segment),Марчук Хліб на Межигірській,Kyiv,Missing AM Segment Trait,8853.614624023438,435.0,5.226248243525597,2.3596736654725854,2.8665745780530116
39703,27487,5186489,Амерікано,ua,SMB (AM Segment),Амерікано,Lviv,Silver (AM Segment),8344.922180175781,394.0,14.358847863462534,2.3596736654725854,11.999174197989948
64591,43641,77056980007,Casa Lora,ua,SMB (AM Segment),Casa Lora,Kyiv,Silver (AM Segment),8267.512603759766,306.0,11.168817566041055,2.3596736654725854,8.809143900568468
190260,141823,50005486611,DJOTTO Kyiv,ua,SMB (AM Segment),Djotto,Kyiv,Missing AM Segment Trait,8195.63198852539,363.0,5.648618797980234,2.3596736654725854,3.2889451325076484
33734,23688,5187417,Fugazzeta,ua,SMB (AM Segment),Fugazzeta,Lviv,Silver (AM Segment),7889.140472412109,306.0,8.05853083320073,2.3596736654725854,5.698857167728145
8534,6147,7694935,ORANG+UTAN,ua,SMB (AM Segment),FRUIT+VEG (ex ORANG+UTAN),Kyiv,Platinum (AM Segment),6652.203674316406,408.0,10.01184297636185,2.3596736654725854,7.652169310889264
73864,49423,51866570042,SHASHLIKE,ua,SMB (AM Segment),SHASHLIKE,Lviv,Bronze (AM Segment),6512.734313964844,274.0,11.63779387089253,2.3596736654725854,9.278120205419945
8758,6308,7695197,Гімалаї,ua,SMB (AM Segment),Гімалаї,Kyiv,Silver (AM Segment),6398.019989013672,210.0,16.071549597785253,2.3596736654725854,13.711875932312669
80961,54421,82367180029,Habibi,ua,SMB (AM Segment),Habibi,Dnipro,Missing AM Segment Trait,6233.413330078125,456.0,9.818008755246982,2.3596736654725854,7.458335089774397
79883,53569,100005001373,Plate,ua,SMB (AM Segment),Plate,Kyiv,Missing AM Segment Trait,6226.853546142578,257.0,10.490240677073512,2.3596736654725854,8.130567011600927
120175,86708,100005024856,Marevo,ua,SMB (AM Segment),Marymo,Lviv,Missing AM Segment Trait,5984.6923828125,233.0,6.071735850410797,2.3596736654725854,3.712062184938212
28530,20184,,Кастрюлька утюга варит рис,ua,SMB (AM Segment),Каструлька Asian Bistro,Dnipro,Silver (AM Segment),5773.526428222656,232.0,16.752359917451795,2.3596736654725854,14.39268625197921
99891,69348,5131946,Ярославський,ua,SMB (AM Segment),Ярославський,Kharkiv,Missing AM Segment Trait,5654.411590576172,253.0,10.012461345843054,2.3596736654725854,7.652787680370468
104188,72988,50005571874,FABBRICA Ivano-Frankivsk,ua,SMB (AM Segment),FABBRICA,Ivano-Frankivsk,Missing AM Segment Trait,5592.744110107422,311.0,6.881000360907471,2.3596736654725854,4.521326695434886
54551,24396,77045100007,BUDUSUSHI,ua,SMB (AM Segment),BUDUSUSHI Драгоманова,Kyiv,Silver (AM Segment),5398.418365478516,148.0,10.595490179949477,2.3596736654725854,8.235816514476891
11227,8113,7695469,ITALIST PROSECCO BAR,ua,SMB (AM Segment),ITALIST PROSECCO BAR,Kyiv,Gold (AM Segment),5309.3424072265625,288.0,15.852613816902615,2.3596736654725854,13.49294015143003
33742,23692,5186183,Nice Guys,ua,SMB (AM Segment),Nice Guys,Lviv,Silver (AM Segment),5287.425842285156,282.0,15.27012215917765,2.3596736654725854,12.910448493705065
144463,107486,50006359744,LITTLE MARIUPOL LVI Lviv,ua,SMB (AM Segment),Little Mariupol,Lviv,Missing AM Segment Trait,5233.013565063477,264.0,14.170221285137954,2.3596736654725854,11.810547619665368
119268,85909,100005023908,ITALIANA PIZZA & PASTA Lviv,ua,SMB (AM Segment),ITALIANA Pizza & Pasta,Lviv,Missing AM Segment Trait,5211.390472412109,259.0,8.323171670978306,2.3596736654725854,5.963498005505721
158583,118427,100005045870,Органіка - ресторан живої кухні,ua,SMB (AM Segment),Органіка - ресторан живої кухні,Lviv,Missing AM Segment Trait,5172.921875,255.0,11.272999985298481,2.3596736654725854,8.913326319825895
10642,7642,7694895,Burger Farm,ua,SMB (AM Segment),Burger Farm на бульварі Шевченко,Kyiv,Platinum (AM Segment),5126.474456787109,244.0,8.05468802250972,2.3596736654725854,5.695014357037135
19265,14000,7700244,КУХМЕЙСТЕР,ua,SMB (AM Segment),КУХМЕЙСТЕР,Kyiv,Silver (AM Segment),5020.302749633789,210.0,16.48807201966991,2.3596736654725854,14.128398354197326
8079,5729,7694495,SHO,ua,SMB (AM Segment),SHO,Kyiv,Missing AM Segment Trait,4981.801940917969,177.0,18.73111328177189,2.3596736654725854,16.371439616299305
92477,63409,100005008957,Суші-бар Інь-Янь,ua,SMB (AM Segment),Суші-бар Інь-Янь,Vinnytsia,Missing AM Segment Trait,4959.447509765625,219.0,10.924327136737968,2.3596736654725854,8.564653471265384
69072,46356,51862000077,Wok Banda,ua,SMB (AM Segment),Wok Banda,Odesa,Silver (AM Segment),4869.0494384765625,206.0,11.681177865896155,2.3596736654725854,9.321504200423568
41154,28504,,Скромний,ua,SMB (AM Segment),Скромний,Dnipro,Silver (AM Segment),4846.512298583984,260.0,16.410408341034596,2.3596736654725854,14.050734675562012
91424,62653,100005008376,Бістро Bench,ua,SMB (AM Segment),Бістро Bench,Dnipro,Missing AM Segment Trait,4756.378448486328,273.0,19.040599258516504,2.3596736654725854,16.68092559304392
71186,47633,77063140007,Yalla,ua,SMB (AM Segment),Yalla вул. Амвросія Бучми,Kyiv,Silver (AM Segment),4704.463653564453,218.0,11.634933335166975,2.3596736654725854,9.275259669694389
92843,63696,51869130042,Cheese Bakery,ua,SMB (AM Segment),Cheese Bakery,Lviv,Missing AM Segment Trait,4689.644256591797,0.0,7.492363332195247,2.3596736654725854,5.132689666722662
35482,24866,7700361,Ash Mangal,ua,SMB (AM Segment),Ash Mangal,Kyiv,Bronze (AM Segment),4616.772109985352,153.0,8.086475065800538,2.3596736654725854,5.726801400327953
114802,82197,100005022055,MONPARK,ua,SMB (AM Segment),MONPARK,Kyiv,Missing AM Segment Trait,4568.808258056641,157.0,10.460420474162607,2.3596736654725854,8.100746808690023
111190,79074,7697887,NORVEN MAKSYMOVYCHA Kyiv,ua,SMB (AM Segment),Norven вул. Максимовича,Kyiv,Missing AM Segment Trait,4565.0703125,146.0,6.447016761827455,2.3596736654725854,4.08734309635487
9651,6919,7694568,Nam,ua,SMB (AM Segment),NAM,Kyiv,Bronze (AM Segment),4475.617523193359,107.0,17.145093823831907,2.3596736654725854,14.785420158359322
124724,89956,50005953390,megobari,ua,SMB (AM Segment),Megobari вул. Гната Юри,Kyiv,Missing AM Segment Trait,4446.291229248047,138.0,23.515829572370556,2.3596736654725854,21.156155906897972
15710,11402,7693869,t.c.pizza,ua,SMB (AM Segment),t.c.pizza,Kyiv,Silver (AM Segment),4388.04345703125,191.0,19.31118422414291,2.3596736654725854,16.951510558670325
83283,56074,100005002910,Альпака кафе,ua,SMB (AM Segment),Альпака кафе,Kyiv,Missing AM Segment Trait,4336.063217163086,186.0,9.346237846095109,2.3596736654725854,6.986564180622524
119329,85960,100005024388,Kimbap Hub,ua,SMB (AM Segment),Kimbap Hub,Vinnytsia,Missing AM Segment Trait,4257.640106201172,295.0,9.295079794335996,2.3596736654725854,6.93540612886341
120582,87066,100005024908,LOVE&LVIV Lviv,ua,SMB (AM Segment),Love&Lviv cafe,Lviv,Missing AM Segment Trait,4205.503143310547,259.0,10.808577195667354,2.3596736654725854,8.44890353019477
95792,66013,77082490007,ШашличОК,ua,SMB (AM Segment),ШашличОК,Kyiv,Missing AM Segment Trait,4091.9019470214844,180.0,7.430009507214101,2.3596736654725854,5.070335841741516
134483,98937,50006187748,BISTRO DASH Kyiv,ua,SMB (AM Segment),Bistro Dash / Бістро Даш,Kyiv,Missing AM Segment Trait,4089.904815673828,234.0,14.171875034160523,2.3596736654725854,11.812201368687937
123034,89075,100005025264,GIANNIVINO Dnipro,ua,SMB (AM Segment),GIANNIVINO,Dnipro,Missing AM Segment Trait,4057.8898315429688,166.0,14.643418608590183,2.3596736654725854,12.283744943117597
87671,59673,51866550042,Сицилійський дворик,ua,SMB (AM Segment),Сицилійський дворик,Lviv,Missing AM Segment Trait,4017.693634033203,192.0,6.631077438486686,2.3596736654725854,4.271403773014101
77781,25921,82367240029,Black Food Шаурма,ua,SMB (AM Segment),Black Food Шаурма проспект Гагаріна,Dnipro,Missing AM Segment Trait,3968.7767944335938,387.0,6.097455431334056,2.3596736654725854,3.7377817658614703
129031,79917,50006119153,Вогень Кебаб,ua,SMB (AM Segment),"Вогень Кебаб, вул. Пантелеймона Куліша",Lviv,Missing AM Segment Trait,3936.0122680664062,300.0,8.670760596509796,2.3596736654725854,6.31108693103721
169966,126960,50006590392,CENTRAL BURGERS Dnipro,ua,SMB (AM Segment),Central Burgers,Dnipro,Missing AM Segment Trait,3893.5667877197266,221.0,10.34011450412747,2.3596736654725854,7.980440838654885
165131,123358,50006577100,BAZA STREET FOOD Lviv,ua,SMB (AM Segment),BAZA Street Food на Кульпарківській,Lviv,Missing AM Segment Trait,3877.4939575195312,260.0,11.434747252119001,2.3596736654725854,9.075073586646415
40793,28228,,De.poisty/Де поїсти,ua,SMB (AM Segment),De.poisty/Де поїсти,Dnipro,Bronze (AM Segment),3848.9116821289062,254.0,14.668056872433231,2.3596736654725854,12.308383206960645
120334,86846,50005928925,THE TRUFFLE BY ANDRIY DROMOV Dnipro,ua,SMB (AM Segment),The Truffle by Andriy Dromov,Dnipro,Missing AM Segment Trait,3799.7050170898438,155.0,18.4590188066646,2.3596736654725854,16.099345141192014
44555,30880,9354898,Sushi Time,ua,SMB (AM Segment),Sushi Time,Lviv,Silver (AM Segment),3753.1553955078125,241.0,14.24803002471976,2.3596736654725854,11.888356359247176
157229,117407,50006449527,DONER LAND Lviv,ua,SMB (AM Segment),DONER LAND (Кебаб),Lviv,Missing AM Segment Trait,3746.6996459960938,289.0,3.575693054411315,2.3596736654725854,1.2160193889387294
183848,136908,50006693025,KEBABTSIA Chernivtsi,ua,SMB (AM Segment),Кебабця,Chernivtsi,Missing AM Segment Trait,3743.302764892578,337.0,3.715698118331367,2.3596736654725854,1.3560244528587817
147218,37262,50006377910,Фунчоза,ua,SMB (AM Segment),Фунчоза Берестейський проспект,Kyiv,Missing AM Segment Trait,3736.9984130859375,183.0,9.564075545157525,2.3596736654725854,7.20440187968494
101159,70445,50005150207,LEZGINKA Vinnytsia,ua,SMB (AM Segment),Лезгинка вінниця,Vinnytsia,Missing AM Segment Trait,3697.5401916503906,164.0,11.140470084609818,2.3596736654725854,8.780796419137232
132731,97478,50006174274,KREMOVA Kyiv,ua,SMB (AM Segment),KREMOVA,Kyiv,Missing AM Segment Trait,3662.7474060058594,139.0,14.16056136577938,2.3596736654725854,11.800887700306795
9302,6675,7694184,Green 13,ua,SMB (AM Segment),Green 13 Велика Житомирська,Kyiv,Gold (AM Segment),3662.660110473633,216.0,9.351335446873817,2.3596736654725854,6.991661781401231
149704,85909,50006411266,ITALIANA PIZZA & PASTA Lviv,ua,SMB (AM Segment),ITALIANA Pizza & Pasta Довженка,Lviv,Missing AM Segment Trait,3656.103790283203,182.0,6.984462588560545,2.3596736654725854,4.6247889230879595
57659,39435,51860710077,Шаурма біля парку Горького,ua,SMB (AM Segment),Шаурма біля парку Горького,Odesa,Silver (AM Segment),3643.8845825195312,323.0,7.651744230307478,2.3596736654725854,5.2920705648348925
150166,111768,100005039700,YEMLYNETS Kharkiv,ua,SMB (AM Segment),єМлинець,Kharkiv,Missing AM Segment Trait,3619.1414184570312,258.0,17.921498680695446,2.3596736654725854,15.561825015222862
180613,135176,100005081421,Галицький Кебаб,ua,SMB (AM Segment),Галицький Кебаб,Lviv,Missing AM Segment Trait,3546.3101501464844,293.0,5.782690179094033,2.3596736654725854,3.423016513621447
180751,135294,100005081051,PENNELVIV Lviv,ua,SMB (AM Segment),Penne,Lviv,Missing AM Segment Trait,3523.1949615478516,227.0,9.185558316369175,2.3596736654725854,6.825884650896589
68463,45970,77062640007,Art Sushi,ua,SMB (AM Segment),Art sushi Драгоманова,Kyiv,Bronze (AM Segment),3489.755844116211,103.0,10.570156985315895,2.3596736654725854,8.21048331984331
75169,50286,5133646,Burger CLUB,ua,SMB (AM Segment),Burger CLUB Героїв Праці,Kharkiv,Missing AM Segment Trait,3468.9600219726562,266.0,8.138346942711326,2.3596736654725854,5.778673277238741
75913,40887,77067680007,Ресторан «ГОСТІДЗЕ»,ua,SMB (AM Segment),Ресторан «ГОСТІДЗЕ» Малишка,Kyiv,Silver (AM Segment),3415.6505584716797,110.0,20.450534921955438,2.3596736654725854,18.090861256482853
150709,112160,100005041715,Піта та Дамаск,ua,SMB (AM Segment),Піта та Дамаск,Kyiv,Missing AM Segment Trait,3403.5863189697266,259.0,10.486195499255118,2.3596736654725854,8.126521833782533
20674,14961,7695029,Pancakes,ua,SMB (AM Segment),PANCAKE MILL,Kyiv,Silver (AM Segment),3395.9557495117188,211.0,17.278326502494934,2.3596736654725854,14.91865283702235
20278,14723,7694052,Первак,ua,SMB (AM Segment),Первак,Kyiv,Silver (AM Segment),3393.324676513672,153.0,19.41256407369985,2.3596736654725854,17.052890408227267
144708,107675,50006361514,ONELOVESUSHI KYIV Kyiv,ua,SMB (AM Segment),One Love Sushi Varshavsky,Kyiv,Missing AM Segment Trait,3388.494354248047,81.0,10.163224351369344,2.3596736654725854,7.8035506858967585
28030,19859,,The Loft,ua,SMB (AM Segment),The Loft Gastropub Passage,Dnipro,Silver (AM Segment),3381.23681640625,174.0,8.250045084961629,2.3596736654725854,5.8903714194890435
121490,22527,50005933007,Red Monkey,ua,SMB (AM Segment),Red Monkey Замарстинівська,Lviv,Missing AM Segment Trait,3333.4615478515625,243.0,7.433398800099254,2.3596736654725854,5.0737251346266685
89670,28094,77078640007,OG Burgers,ua,SMB (AM Segment),OG Burger Русанівська набережна,Kyiv,Missing AM Segment Trait,3321.417282104492,144.0,13.074356169073027,2.3596736654725854,10.714682503600443
161343,120646,100005047395,Samoyed burger,ua,SMB (AM Segment),Samoyed burgers,Ivano-Frankivsk,Missing AM Segment Trait,3310.6954650878906,204.0,10.322745734707022,2.3596736654725854,7.963072069234436
73602,17472,5133016,"Ресторан-мікс ""МОНТАНА""",ua,SMB (AM Segment),"Ресторан-мікс ""МОНТАНА""",Kharkiv,Bronze (AM Segment),3306.3439331054688,137.0,4.594233691025031,2.3596736654725854,2.2345600255524456
144710,107675,50006034074,ONELOVESUSHI KYIV Kyiv,ua,SMB (AM Segment),One Love Sushi Sofija,Kyiv,Missing AM Segment Trait,3302.340841293335,78.0,9.015193883102368,2.3596736654725854,6.655520217629783
103646,72520,50005567743,CHICHERI Chernivtsi,ua,SMB (AM Segment),Chicheri,Chernivtsi,Missing AM Segment Trait,3283.208740234375,174.0,2.6658091359036336,2.3596736654725854,0.30613547043104816
75170,50286,6158996,Burger CLUB,ua,SMB (AM Segment),Burger CLUB Академіка Павлова,Kharkiv,Missing AM Segment Trait,3257.0762939453125,217.0,4.474623840893264,2.3596736654725854,2.1149501754206783
8666,6225,7695333,Арома Еспресо Бар,ua,SMB (AM Segment),Aroma espresso bar Ділова,Kyiv,Silver (AM Segment),3230.146728515625,183.0,9.73997258454374,2.3596736654725854,7.380298919071154
13125,9522,7695421,Adriano Pizza,ua,SMB (AM Segment),Adriano Pizza,Kyiv,Silver (AM Segment),3215.96533203125,145.0,8.646986417880184,2.3596736654725854,6.2873127524075985
47541,32950,7695401,Kitchen Polly,ua,SMB (AM Segment),Kitchen Polly Січових Стрільців,Kyiv,Silver (AM Segment),3190.2411499023438,177.0,17.354326073485634,2.3596736654725854,14.99465240801305
156927,117154,100005044922,FOODKIT OD Odesa,ua,SMB (AM Segment),FoodKit,Odesa,Missing AM Segment Trait,3185.806884765625,177.0,8.617532894119234,2.3596736654725854,6.257859228646649
10352,7439,7693945,Paul,ua,SMB (AM Segment),PAUL Ярославів Вал,Kyiv,Silver (AM Segment),3164.492416381836,130.0,12.990585167162978,2.3596736654725854,10.630911501690392
102424,71503,50005567737,ROOMROOM Chernivtsi,ua,SMB (AM Segment),RoomRoom просп. Незалежності,Chernivtsi,Missing AM Segment Trait,3112.7342834472656,169.0,4.09178510787022,2.3596736654725854,1.7321114423976347
68406,45926,82365500029,Рестобар «SOVA»,ua,SMB (AM Segment),Рестобар «SOVA»,Dnipro,Silver (AM Segment),3105.271728515625,146.0,17.34691103240591,2.3596736654725854,14.987237366933325
190049,141650,50006075047,KARABAS VYN Vinnytsia,ua,SMB (AM Segment),Пивна ресторація KARABAS,Vinnytsia,Missing AM Segment Trait,3095.0824279785156,124.0,3.0740667368988372,2.3596736654725854,0.7143930714262519
100814,70159,50005183825,COPPER HEAD BRAND Ivano-Frankivsk,ua,SMB (AM Segment),Copper Head,Ivano-Frankivsk,Missing AM Segment Trait,3090.590362548828,144.0,2.7592921296524184,2.3596736654725854,0.39961846417983304
188268,140250,8235956,DOUBLE V/DOUBLEV Dnipro,ua,SMB (AM Segment),Double V,Dnipro,Missing AM Segment Trait,3074.2948608398438,125.0,6.5015204118497145,2.3596736654725854,4.141846746377129
90313,61762,100005007675,Sushi Nami ,ua,SMB (AM Segment),Sushi Nami,Vinnytsia,Missing AM Segment Trait,3073.4471282958984,159.0,8.48298504790188,2.3596736654725854,6.123311382429294
121907,88141,50005935363,LEO NOODLE BAR Ivano-Frankivsk,ua,SMB (AM Segment),LEO NOODLE BAR,Ivano-Frankivsk,Missing AM Segment Trait,3053.4314575195312,144.0,18.225521134699306,2.3596736654725854,15.865847469226722
142617,24396,50006343366,BUDUSUSHI,ua,SMB (AM Segment),BUDUSUSHI Євгена Сверстюка,Kyiv,Missing AM Segment Trait,3048.9862518310547,91.0,10.194773928260037,2.3596736654725854,7.835100262787452
80460,54030,100005001656,K-Wok,ua,SMB (AM Segment),K-Wok,Odesa,Missing AM Segment Trait,3044.588363647461,166.0,9.263780823832718,2.3596736654725854,6.904107158360133
45149,31369,,Не Горюй,ua,SMB (AM Segment),Не Горюй,Dnipro,Silver (AM Segment),3018.2283935546875,121.0,15.578339532678374,2.3596736654725854,13.21866586720579
11839,5724,7698992,Fat Daddy Burgers,ua,SMB (AM Segment),Fat Daddy Burgers Княжий Затон,Kyiv,Gold (AM Segment),3008.9781951904297,175.0,17.481611542645087,2.3596736654725854,15.121937877172503
103599,72478,50005569132,SHAWARMA OD Odesa,ua,SMB (AM Segment),Combo Shawarma біля парку Горького,Odesa,Missing AM Segment Trait,3004.884765625,290.0,9.855329554546925,2.3596736654725854,7.49565588907434
96192,66332,51865920105,Кафе та фермерська крамниця «Сніданішна»,ua,SMB (AM Segment),Кафе та фермерська крамниця «Сніданішна»,Kharkiv,Missing AM Segment Trait,2926.094394683838,132.0,5.820935616259436,2.3596736654725854,3.4612619507868505
139987,103407,50006302455,MISIS BOUL Kyiv,ua,SMB (AM Segment),Місіс Боул вул. Вадима Гетьмана,Kyiv,Missing AM Segment Trait,2902.798370361328,155.0,8.688533947413204,2.3596736654725854,6.328860281940618
76711,51280,51867010042,Kolos,ua,SMB (AM Segment),Kolos,Lviv,Missing AM Segment Trait,2827.3304138183594,143.0,9.199283796639904,2.3596736654725854,6.839610131167318
25246,17949,,Кав'ярня кондитерська Crema,ua,SMB (AM Segment),Вареники і пельмені вул. Отакара Яроша,Kharkiv,Silver (AM Segment),2823.6494903564453,211.0,11.118339745963556,2.3596736654725854,8.758666080490972
152139,113286,50005514711,FILIN Kyiv,ua,SMB (AM Segment),"""Філін"" пров. Куренівський",Kyiv,Missing AM Segment Trait,2806.0757446289062,176.0,14.0851214210106,2.3596736654725854,11.725447755538013
80201,53809,77072460007,BARAKAT DONER,ua,SMB (AM Segment),BARAKAT DONER,Kyiv,Missing AM Segment Trait,2801.716033935547,182.0,8.858698616225226,2.3596736654725854,6.4990249507526405
143992,70154,50006356145,ULAVASHI Kharkiv,ua,SMB (AM Segment),УЛАВАШІ на ХТЗ,Kharkiv,Missing AM Segment Trait,2793.981201171875,232.0,13.744484544151696,2.3596736654725854,11.384810878679112
185836,138457,50006708673,REDMONKEY Ivano-Frankivsk,ua,SMB (AM Segment),Red Monkey вул. Бельведерська,Ivano-Frankivsk,Missing AM Segment Trait,2791.284652709961,205.0,9.235762562162495,2.3596736654725854,6.87608889668991
65892,44396,51860410105,Чеза,ua,SMB (AM Segment),Чеза,Kharkiv,Silver (AM Segment),2776.9337768554688,107.0,15.690958471630053,2.3596736654725854,13.331284806157466
117242,84203,6159016,LIVE. LOVE. AVOCADO Kharkiv,ua,SMB (AM Segment),Live. Love. Avocado,Kharkiv,Missing AM Segment Trait,2775.8515014648438,155.0,6.289800446695538,2.3596736654725854,3.9301267812229526
144545,73383,50006360566,STATION PIZZA,ua,SMB (AM Segment),STATION PIZZA просп. Петра Григоренка,Kyiv,Missing AM Segment Trait,2773.142608642578,150.0,12.554588908369515,2.3596736654725854,10.19491524289693
36527,25606,5186952,Бістро Perfetto,ua,SMB (AM Segment),Бістро Perfetto,Lviv,Silver (AM Segment),2760.333038330078,231.0,12.084526908518997,2.3596736654725854,9.724853243046411
120510,86997,100005025015,Будьмо,ua,SMB (AM Segment),Будьмо,Vinnytsia,Missing AM Segment Trait,2757.567092895508,145.0,10.540019504325027,2.3596736654725854,8.180345838852443
128066,91052,50006116060,TastyTime ,ua,SMB (AM Segment),TastyTime вул. Л Сердюка,Kharkiv,Missing AM Segment Trait,2711.5899620056152,131.0,7.250546992768518,2.3596736654725854,4.890873327295933
166441,124357,100005049828,VARYK,ua,SMB (AM Segment),VARYK,Kyiv,Missing AM Segment Trait,2686.3892669677734,84.0,11.856162751834997,2.3596736654725854,9.496489086362413
104213,73004,50005571870,URBAN SPACE 100 Ivano-Frankivsk,ua,SMB (AM Segment),Urban Space 100,Ivano-Frankivsk,Missing AM Segment Trait,2618.037155151367,200.0,10.100738605248624,2.3596736654725854,7.741064939776039
124090,89985,50005947473,RISE CAFE Kyiv,ua,SMB (AM Segment),Rise cafe,Kyiv,Missing AM Segment Trait,2581.8678283691406,121.0,14.659009478958962,2.3596736654725854,12.299335813486376
81688,44395,7463354,АЛІ БАБА / ALİ BABA,ua,SMB (AM Segment),АЛІ БАБА / ALİ BABA Дерибасівська,Odesa,Missing AM Segment Trait,2576.6124267578125,186.0,19.534092317727698,2.3596736654725854,17.174418652255113
122992,89035,100005026290,Tasy Corpus,ua,SMB (AM Segment),Tasty Corpus,Vinnytsia,Missing AM Segment Trait,2566.017318725586,158.0,16.78949443150426,2.3596736654725854,14.429820766031675
144563,22527,50006360571,Red Monkey,ua,SMB (AM Segment),Red Monkey Героїв УПА,Lviv,Missing AM Segment Trait,2558.902084350586,188.0,8.365676130322248,2.3596736654725854,6.006002464849662
188262,132292,50006718789,ZHYTO CAFE BAKERY Ivano-Frankivsk,ua,SMB (AM Segment),"Ресторація ""Кухня""",Ivano-Frankivsk,Missing AM Segment Trait,2547.8837127685547,131.0,14.91982411502605,2.3596736654725854,12.560150449553465
78521,52541,82365870029,DOM1654,ua,SMB (AM Segment),DOM1654,Dnipro,Missing AM Segment Trait,2540.552001953125,100.0,17.636161904564446,2.3596736654725854,15.276488239091861
141092,104347,50005452249,EBI SUSHI Kyiv,ua,SMB (AM Segment),Ebi sushi,Kyiv,Missing AM Segment Trait,2540.326171875,0.0,6.003641515188721,2.3596736654725854,3.6439678497161356
90031,61543,6158926,Дом Піци,ua,SMB (AM Segment),Дом Піци,Kharkiv,Missing AM Segment Trait,2516.608673095703,235.0,4.263255483800928,2.3596736654725854,1.9035818183283428
90548,61978,100005007891,Shibo,ua,SMB (AM Segment),Shibo,Dnipro,Missing AM Segment Trait,2516.5457763671875,115.0,18.325744030244557,2.3596736654725854,15.966070364771973
71934,48178,77064880007,Ho Go,ua,SMB (AM Segment),Ho Go,Kyiv,Bronze (AM Segment),2512.8040618896484,95.0,15.793075661009546,2.3596736654725854,13.433401995536961
95804,66016,51865460105,mr.шавуха,ua,SMB (AM Segment),mr.шавуха,Kharkiv,Missing AM Segment Trait,2500.5949172973633,176.0,7.880212744600874,2.3596736654725854,5.520539079128288
165062,123312,8286449,MILANO VYN Vinnytsia,ua,SMB (AM Segment),Milano,Vinnytsia,Missing AM Segment Trait,2499.6210021972656,164.0,11.745651403744912,2.3596736654725854,9.385977738272327
39074,27105,7700248,Pyvna Duma,ua,SMB (AM Segment),Pyvna Duma Драгоманова,Kyiv,Gold (AM Segment),2476.8877563476562,129.0,14.343350870174804,2.3596736654725854,11.983677204702218
185455,138193,50006706874,TEATR IF Ivano-Frankivsk,ua,SMB (AM Segment),"Паб ""ТЕАТR""",Ivano-Frankivsk,Missing AM Segment Trait,2471.0843505859375,155.0,6.669126905468094,2.3596736654725854,4.309453239995508
124725,89956,50005953391,megobari,ua,SMB (AM Segment),Megobari вул. Максима Кривоноса,Kyiv,Missing AM Segment Trait,2464.0510864257812,73.0,19.463024512785942,2.3596736654725854,17.103350847313358
71195,47639,8286661,Асса,ua,SMB (AM Segment),Асса,Vinnytsia,Silver (AM Segment),2461.466766357422,125.0,6.51110798817784,2.3596736654725854,4.151434322705255
86741,50225,51868680042,Monkey Sushi,ua,SMB (AM Segment),Monkey Sushi,Lviv,Missing AM Segment Trait,2459.7456970214844,71.0,10.043300596238652,2.3596736654725854,7.683626930766066
190564,142067,100005086069,Turkish Golg Shawarma,ua,SMB (AM Segment),Turkish Gold Shawarma,Kyiv,Missing AM Segment Trait,2457.1746215820312,138.0,13.525792229147301,2.3596736654725854,11.166118563674715
162773,121679,100005048093,Реберка на Хрещатику,ua,SMB (AM Segment),Реберка на Хрещатику,Cherkasy,Missing AM Segment Trait,2424.686279296875,113.0,6.722869639129831,2.3596736654725854,4.363195973657246
56802,38815,10012608,Beef Burger,ua,SMB (AM Segment),Beef Burger,Kyiv,Bronze (AM Segment),2420.228126525879,0.0,6.679912012118901,2.3596736654725854,4.320238346646316
48985,33797,0000,Мелроуз,ua,SMB (AM Segment),Мелроуз просп. Богдана Хмельницкого,Dnipro,Silver (AM Segment),2402.5410079956055,151.0,14.584058861020543,2.3596736654725854,12.224385195547956
151228,112586,50005489856,SUSHI NICE Kyiv,ua,SMB (AM Segment),Sushi Nice Retroville,Kyiv,Missing AM Segment Trait,2392.129379272461,83.0,15.819753065165136,2.3596736654725854,13.46007939969255
13343,6160,7694355,GOGI,ua,SMB (AM Segment),Gogi Льва Толстого,Kyiv,Platinum (AM Segment),2391.475128173828,122.0,16.89040514876648,2.3596736654725854,14.530731483293895
51359,35404,51860190105,ГОХО,ua,SMB (AM Segment),ГОХО,Kharkiv,Silver (AM Segment),2382.0343017578125,108.0,17.46706355815488,2.3596736654725854,15.107389892682296
185195,137986,50006705696,FAYNO Ivano-Frankivsk,ua,SMB (AM Segment),Fayno,Ivano-Frankivsk,Missing AM Segment Trait,2379.05859375,0.0,10.473377503457291,2.3596736654725854,8.113703837984705
85668,58039,100005004794, basketroll.bistro,ua,SMB (AM Segment),basketroll.bistro,Odesa,Missing AM Segment Trait,2362.093551635742,70.0,10.24506372691963,2.3596736654725854,7.885390061447045
8937,6447,7695709,SpicyNoSpicy,ua,SMB (AM Segment),SpicyNoSpicy,Kyiv,Silver (AM Segment),2359.4597244262695,85.0,15.086115734571502,2.3596736654725854,12.726442069098916
121210,87587,51865600105,SUGAR&SALT,ua,SMB (AM Segment),SUGAR&SALT,Kharkiv,Missing AM Segment Trait,2359.2002868652344,115.0,10.6587485944705,2.3596736654725854,8.299074928997914
185462,138196,50006706876,BIBLIOTEKA IF Ivano-Frankivsk,ua,SMB (AM Segment),"Паб ""БІБЛІОТЕКА""",Ivano-Frankivsk,Missing AM Segment Trait,2350.4669342041016,173.0,2.4408269325035645,2.3596736654725854,0.08115326703097914
131424,96372,50006034080,Family Sushi Hatne,ua,SMB (AM Segment),Family Sushi Гатне,Kyiv,Missing AM Segment Trait,2349.116371154785,73.0,11.407436769913222,2.3596736654725854,9.047763104440637
36393,25535,7929517,Патрік ПАБ,ua,SMB (AM Segment),Патрік ПАБ,Lviv,Bronze (AM Segment),2340.63875579834,170.0,12.248857005665167,2.3596736654725854,9.88918334019258
109642,77712,50005675795,G COFFEE MATVIYCHUKA Poltava,ua,SMB (AM Segment),G Coffee вул. Матвійчука,Poltava,Missing AM Segment Trait,2335.142837524414,222.0,6.007077784371945,2.3596736654725854,3.6474041188993596
103287,72254,100005015329,PeChe,ua,SMB (AM Segment),PeChe - чебуречна твого міста вул. Січових Стрільців,Dnipro,Missing AM Segment Trait,2333.710807800293,134.0,8.483026039045116,2.3596736654725854,6.123352373572531
95622,65861,51868260042,Fami.italy,ua,SMB (AM Segment),Fami.italy,Lviv,Missing AM Segment Trait,2331.532211303711,111.0,14.710279504234624,2.3596736654725854,12.35060583876204
67114,45130,77061790007,Море Суші,ua,SMB (AM Segment),Море Суші,Kyiv,Bronze (AM Segment),2318.385383605957,69.0,13.044320986829177,2.3596736654725854,10.684647321356593
83932,56591,82367730029,"Кафе ""Buddy""",ua,SMB (AM Segment),"Кафе ""Buddy""",Dnipro,Missing AM Segment Trait,2317.715789794922,137.0,13.436933843826775,2.3596736654725854,11.07726017835419
118904,85621,50005881628,YISTETYKA PREDSLAVYNSKA Kyiv,ua,SMB (AM Segment),Їстетика Предславинська,Kyiv,Missing AM Segment Trait,2306.834701538086,98.0,20.67474077167208,2.3596736654725854,18.315067106199496
52763,36275,51862980042,Bao Casual,ua,SMB (AM Segment),Bao Casual,Lviv,Bronze (AM Segment),2291.949417114258,82.0,14.169856919131766,2.3596736654725854,11.81018325365918
76477,51174,8286450,Chili pizza,ua,SMB (AM Segment),Chili pizza Коцюбинського,Vinnytsia,Missing AM Segment Trait,2285.1856536865234,142.0,11.005758326012993,2.3596736654725854,8.646084660540406
135520,99768,100005033656,Sushi Story,ua,SMB (AM Segment),Sushi Story Одеська,Kyiv,Missing AM Segment Trait,2278.1710205078125,95.0,2.475704774431312,2.3596736654725854,0.11603110895872648
75098,50231,5133410,PARMA,ua,SMB (AM Segment),PARMA Палац спорту,Kharkiv,Bronze (AM Segment),2274.343780517578,125.0,7.987606694238633,2.3596736654725854,5.627933028766048
159278,118979,50006206123,DON CHICHO ZHYTOMYR Zhytomyr,ua,SMB (AM Segment),Don Chicho,Zhytomyr,Missing AM Segment Trait,2271.474609375,210.0,2.886583006809063,2.3596736654725854,0.5269093413364776
149899,111557,100005041310,Lucky Beer ,ua,SMB (AM Segment),Lucky Beer,Kyiv,Missing AM Segment Trait,2270.0303649902344,145.0,10.492414281874192,2.3596736654725854,8.132740616401605
43444,30119,5187316,Майоран,ua,SMB (AM Segment),Майоран,Lviv,Silver (AM Segment),2262.3624114990234,175.0,11.399313490116624,2.3596736654725854,9.039639824644038
120766,87220,50005429838,TIME BAR Kyiv,ua,SMB (AM Segment),TIME Bar,Kyiv,Missing AM Segment Trait,2262.296661376953,137.0,15.98680192387154,2.3596736654725854,13.627128258398955
47540,32950,7697145,Kitchen Polly,ua,SMB (AM Segment),Kitchen Polly пр. Голосіївський,Kyiv,Silver (AM Segment),2259.528968811035,112.0,17.647655237541233,2.3596736654725854,15.287981572068649
130718,95769,100005031212,Blanka Bakery,ua,SMB (AM Segment),Blanka Bakery,Dnipro,Missing AM Segment Trait,2253.987335205078,143.0,15.505402941458847,2.3596736654725854,13.145729275986263
78512,52536,77068920007,Mangal Döner,ua,SMB (AM Segment),Mangal Döner,Kyiv,Missing AM Segment Trait,2253.7914276123047,159.0,10.921894229169428,2.3596736654725854,8.562220563696844
81882,55055,100005002281,ISHI sushi ,ua,SMB (AM Segment),ISHI SUSHI Єлизавети Чавдар,Kyiv,Missing AM Segment Trait,2251.9522972106934,0.0,6.564012178048844,2.3596736654725854,4.204338512576259
119261,85903,6158756,SKYFOOD Kharkiv,ua,SMB (AM Segment),Sky Food Валентинівська,Kharkiv,Missing AM Segment Trait,2245.2532348632812,150.0,15.979217216040274,2.3596736654725854,13.619543550567688
121913,88145,50005935350,LULU PIZZA Ivano-Frankivsk,ua,SMB (AM Segment),LuLu pizza,Ivano-Frankivsk,Missing AM Segment Trait,2215.1542053222656,122.0,14.940719408777758,2.3596736654725854,12.581045743305172
82420,52701,82367460029,"Міське кафе ""Кохай""",ua,SMB (AM Segment),"Міське кафе ""Кохай"" Троїцька",Dnipro,Missing AM Segment Trait,2201.421974182129,103.0,11.743478389234841,2.3596736654725854,9.383804723762257
9652,6920,7694506,BAO,ua,SMB (AM Segment),BAO,Kyiv,Bronze (AM Segment),2191.7386932373047,61.0,16.917679711954904,2.3596736654725854,14.558006046482319
61074,41499,5186229,"Пструг, хліб та вино",ua,SMB (AM Segment),"Пструг, хліб та вино",Lviv,Silver (AM Segment),2187.5306701660156,97.0,16.003680996102105,2.3596736654725854,13.64400733062952
173538,129449,50005185564,ESSCO COFFE SPACE Chernivtsi,ua,SMB (AM Segment),Essco Coffee Space,Chernivtsi,Missing AM Segment Trait,2175.5111236572266,126.0,6.442227462377037,2.3596736654725854,4.082553796904452
117775,84646,100005023588,Don Vito,ua,SMB (AM Segment),Don Vito,Dnipro,Missing AM Segment Trait,2172.444034576416,98.0,8.360107717990907,2.3596736654725854,6.0004340525183215
23064,16510,7697968,Ресторан «Patio»,ua,SMB (AM Segment),Ресторан Patio,Kyiv,Bronze (AM Segment),2171.1373443603516,74.0,13.426350884216191,2.3596736654725854,11.066677218743607
52337,36008,4926522,Manana Wine,ua,SMB (AM Segment),MANANA cafe,Dnipro,Silver (AM Segment),2157.8355102539062,90.0,11.026998108303346,2.3596736654725854,8.667324442830761
184650,137533,100005083142,Ваша Шава,ua,SMB (AM Segment),Vasha Shava,Kyiv,Missing AM Segment Trait,2148.944381713867,180.0,14.415102235219093,2.3596736654725854,12.055428569746507
74033,49555,51862620106,Хліб і М'ясо,ua,SMB (AM Segment),Хліб і М'ясо,Vinnytsia,Bronze (AM Segment),2135.620574951172,104.0,18.634523951230932,2.3596736654725854,16.274850285758347
185560,46009,50006707715,СІМЕЙНА ШАУРМА,ua,SMB (AM Segment),Шашлик від СІМЕЙНА ШАУРМА,Kyiv,Missing AM Segment Trait,2129.5533142089844,189.0,11.23146757372469,2.3596736654725854,8.871793908252105
8796,6346,7694386,Sofra,ua,SMB (AM Segment),Софра Смак Криму Кловський узвіз,Kyiv,Silver (AM Segment),2125.2100372314453,109.0,14.49897063612415,2.3596736654725854,12.139296970651564
109788,77838,50005385749,BIGA PIZZA Poltava,ua,SMB (AM Segment),Біга піца,Poltava,Missing AM Segment Trait,2122.699966430664,176.0,6.810967758504644,2.3596736654725854,4.451294093032058
106424,34856,50005647229,Mis Li,ua,SMB (AM Segment),Mis Li пл. Калічанська,Vinnytsia,Missing AM Segment Trait,2116.690948486328,158.0,8.981649000171267,2.3596736654725854,6.621975334698681
96860,66866,77082870007,ПОЛОВИНА СОНЦЯ,ua,SMB (AM Segment),Золотий чебурек,Kyiv,Missing AM Segment Trait,2114.4288482666016,102.0,11.729466923392435,2.3596736654725854,9.369793257919849
141806,104986,100005036930,HYGGE cafe,ua,SMB (AM Segment),HYGGE,Kyiv,Missing AM Segment Trait,2114.406936645508,79.0,11.736508416097715,2.3596736654725854,9.376834750625129
151223,112586,50006422299,SUSHI NICE Kyiv,ua,SMB (AM Segment),Sushi Nice Gatne,Kyiv,Missing AM Segment Trait,2107.290397644043,72.0,10.434020159252652,2.3596736654725854,8.074346493780066
185536,138243,50006707735,GIANNIVINO KYIV Kyiv,ua,SMB (AM Segment),GIANNIVINO,Kyiv,Missing AM Segment Trait,2097.4359588623047,62.0,6.323812621899895,2.3596736654725854,3.96413895642731
152065,113235,50006432823,SUSHI STORY Dnipro,ua,SMB (AM Segment),Sushi Story проспект Лесі Українки,Dnipro,Missing AM Segment Trait,2077.9735412597656,108.0,6.490865046323938,2.3596736654725854,4.1311913808513525
64082,43349,77051030007,Укуси Рибу | Суші WOK Бургери,ua,SMB (AM Segment),Укуси Рибу | Суші WOK Бургери,Kyiv,Bronze (AM Segment),2068.827362060547,93.0,21.32517378511575,2.3596736654725854,18.965500119643167
124062,89956,100005026918,megobari,ua,SMB (AM Segment),Megobari Русанівська Набережна,Kyiv,Missing AM Segment Trait,2062.36181640625,56.0,19.780422744350535,2.3596736654725854,17.42074907887795
85017,57525,100005004325,Ресторан MARANI,ua,SMB (AM Segment),Ресторан MARANI,Lviv,Missing AM Segment Trait,2062.3441314697266,82.0,10.159882947179106,2.3596736654725854,7.800209281706521
113339,80928,50005135651,BURGER HOUSE KHARKIV Kharkiv,ua,SMB (AM Segment),Burger House,Kharkiv,Missing AM Segment Trait,2051.9612426757812,131.0,5.277797255451201,2.3596736654725854,2.9181235899786158
97923,67722,100005011982,"Суші-бар на Цитадельній, 7",ua,SMB (AM Segment),Суші-бар на Цитадельній,Kyiv,Missing AM Segment Trait,2048.8758392333984,45.0,10.549048856978553,2.3596736654725854,8.189375191505967
43376,30060,,Кафе e.Da,ua,SMB (AM Segment),Кафе e.Da Барикадна,Dnipro,Silver (AM Segment),2044.7371063232422,198.0,14.452059082373959,2.3596736654725854,12.092385416901372
30147,21274,7699822,Піцерія PIZZAZZA,ua,SMB (AM Segment),Піцерія Pizzazza / Піцаца,Kyiv,Bronze (AM Segment),2042.8785858154297,125.0,14.711162945983567,2.3596736654725854,12.351489280510982
115504,82743,50005183703,ESSEYSTI Kyiv,ua,SMB (AM Segment),ESSEїсти,Kyiv,Missing AM Segment Trait,2014.8542175292969,98.0,17.27968620222277,2.3596736654725854,14.920012536750185
96333,66440,61861460103,Corassini,ua,SMB (AM Segment),Corassini,Ivano-Frankivsk,Missing AM Segment Trait,2014.1734313964844,94.0,18.81482059550062,2.3596736654725854,16.455146930028036
82794,55727,51863280105,YOKAI,ua,SMB (AM Segment),YOKAI,Kharkiv,Missing AM Segment Trait,2010.9167022705078,115.0,13.606563366886025,2.3596736654725854,11.24688970141344
76479,51174,8286523,Chili pizza,ua,SMB (AM Segment),Chili Pizza Келецька,Vinnytsia,Missing AM Segment Trait,2004.0935134887695,106.0,14.34041974825353,2.3596736654725854,11.980746082780943
190210,141785,50006728006,SAME TYT Chernivtsi,ua,SMB (AM Segment),Саме Тут,Chernivtsi,Missing AM Segment Trait,2001.85107421875,173.0,4.066478754767812,2.3596736654725854,1.7068050892952265
130762,95807,100005024911,GTB Vinnytsia,ua,SMB (AM Segment),GTB - Grand Theft Bar,Vinnytsia,Missing AM Segment Trait,1990.1053009033203,119.0,17.114910835000256,2.3596736654725854,14.755237169527671
35832,25132,7929489,Мега булка,ua,SMB (AM Segment),Мега булка,Lviv,Gold (AM Segment),1987.4953308105469,129.0,10.966106673934396,2.3596736654725854,8.60643300846181
85952,58291,100005005034,ЧітМіл,ua,SMB (AM Segment),Chitmil,Vinnytsia,Missing AM Segment Trait,1965.8477325439453,80.0,17.39235541975061,2.3596736654725854,15.032681754278027
116754,83801,50005863088,KAVKAZKYI DIM Kyiv,ua,SMB (AM Segment),"РЕСТОРАН ""КАВКАЗЬКИЙ ДІМ"" Кирилівська",Kyiv,Missing AM Segment Trait,1959.313949584961,75.0,10.906867574072841,2.3596736654725854,8.547193908600256
85992,58338,77062920007,Home Coffee,ua,SMB (AM Segment),Home Coffee,Kyiv,Missing AM Segment Trait,1957.2867431640625,151.0,14.41700496794549,2.3596736654725854,12.057331302472903
64691,43698,51864480042,ROLLTOK,ua,SMB (AM Segment),LOVEROLL вул. Пекарська,Lviv,Silver (AM Segment),1956.9086952209473,75.0,15.602277777215392,2.3596736654725854,13.242604111742807
118183,84990,50005878714,KETCHUP ROOM Kyiv,ua,SMB (AM Segment),Кетчупрум Сергія Данченка,Kyiv,Missing AM Segment Trait,1955.698341369629,56.0,8.605998537832729,2.3596736654725854,6.246324872360144
143682,106726,100005037990,Tbilisuri ,ua,SMB (AM Segment),TBILISURI Шаурма/TBILISURI Shaurma,Kyiv,Missing AM Segment Trait,1954.7262268066406,128.0,16.830395523082803,2.3596736654725854,14.470721857610219
76705,51271,51862690106,Sushi bar kalifornia,ua,SMB (AM Segment),Sushi bar Kalifornia вулиця Трамвайна,Vinnytsia,Missing AM Segment Trait,1951.710433959961,100.0,20.807798140051354,2.3596736654725854,18.44812447457877
19047,13841,7694791,Hidden,ua,SMB (AM Segment),Hidden,Kyiv,Bronze (AM Segment),1947.6128997802734,66.0,12.126749886764411,2.3596736654725854,9.767076221291827
185673,129173,50006708327,Beer Shop,ua,SMB (AM Segment),Beer Shop,Vinnytsia,Missing AM Segment Trait,1934.72998046875,180.0,2.855188954661301,2.3596736654725854,0.4955152891887158
74455,49851,12317938,Shaurma M&L,ua,SMB (AM Segment),Shaurma M&L,Odesa,Bronze (AM Segment),1929.5458679199219,162.0,13.246943562042501,2.3596736654725854,10.887269896569915
192417,60731,100005086892,Піца 54,ua,SMB (AM Segment),La Pasta Italiano,Kyiv,Missing AM Segment Trait,1926.5165405273438,124.0,6.144247015045314,2.3596736654725854,3.784573349572729
83534,56275,100005003121,Кримські чебуреки ,ua,SMB (AM Segment),Кримські чебуреки,Vinnytsia,Missing AM Segment Trait,1920.7751007080078,140.0,16.719310257409845,2.3596736654725854,14.35963659193726
96505,66576,61861910103,LOKSHA.IF,ua,SMB (AM Segment),LOKSHA.IF,Ivano-Frankivsk,Missing AM Segment Trait,1914.8244018554688,120.0,9.098779583767724,2.3596736654725854,6.739105918295139
95335,65625,51868240042,Fami.burger,ua,SMB (AM Segment),Fami.burger,Lviv,Missing AM Segment Trait,1864.3629608154297,108.0,8.644170751011695,2.3596736654725854,6.284497085539109
98380,68082,61862110103,HALA,ua,SMB (AM Segment),HALA,Ivano-Frankivsk,Missing AM Segment Trait,1862.8245697021484,131.0,6.2598529517082,2.3596736654725854,3.9001792862356144
17711,12807,7698178,Noodle Doodle ,ua,SMB (AM Segment),Noodle Doodle Гната Хоткевича,Kyiv,Platinum (AM Segment),1856.109115600586,99.0,5.668498220170182,2.3596736654725854,3.3088245546975967
8631,6209,7693544,Harms,ua,SMB (AM Segment),"Citycafe ""Harms""",Kyiv,Silver (AM Segment),1838.239273071289,72.0,9.379529363364908,2.3596736654725854,7.019855697892322
114424,81876,50005536848,THE PUZO PUB Kyiv,ua,SMB (AM Segment),The Puzo Pub,Kyiv,Missing AM Segment Trait,1825.982063293457,84.0,14.982693033171676,2.3596736654725854,12.62301936769909
8293,5995,7694805,Dos Amigos,ua,SMB (AM Segment),Dos Amigos Саксаганського,Kyiv,Silver (AM Segment),1820.0409698486328,90.0,16.329374884539888,2.3596736654725854,13.969701219067304
130624,95686,100005031142,Адмірал,ua,SMB (AM Segment),Адмірал,Dnipro,Missing AM Segment Trait,1816.491683959961,98.0,16.51292050284026,2.3596736654725854,14.153246837367675
68462,45970,77062630007,Art Sushi,ua,SMB (AM Segment),Art sushi Героїв Полку Азов,Kyiv,Bronze (AM Segment),1816.113998413086,41.0,11.66023272376813,2.3596736654725854,9.300559058295544
132222,97031,50006171823,STRT - AVENUE Chernivtsi,ua,SMB (AM Segment),STRT - Avenue,Chernivtsi,Missing AM Segment Trait,1806.6576614379883,88.0,5.3973211741208535,2.3596736654725854,3.037647508648268
135493,99744,50006194763,ПІЦЕРІЯ НА ЗАНЬКОВЕЦЬКОЇ Chernivtsi,ua,SMB (AM Segment),Піцерія на Заньковецької,Chernivtsi,Missing AM Segment Trait,1806.0115127563477,126.0,6.640627764040519,2.3596736654725854,4.280954098567934
134861,99231,50005487100,GRANDE PIZZA KYIV Kyiv,ua,SMB (AM Segment),Grande Pizza,Kyiv,Missing AM Segment Trait,1803.976203918457,113.0,11.174437383622973,2.3596736654725854,8.814763718150388
155938,116330,100005044434,Топ Шаурма,ua,SMB (AM Segment),Top Shaurma,Dnipro,Missing AM Segment Trait,1795.381118774414,157.0,4.553856907080281,2.3596736654725854,2.1941832416076954
11214,8103,7695337,Beijing Style,ua,SMB (AM Segment),Beijing Style,Kyiv,Bronze (AM Segment),1779.4127731323242,48.0,13.548699571233591,2.3596736654725854,11.189025905761007
38658,26858,77035660007,Samsara Coffee&food,ua,SMB (AM Segment),Samsara Coffee&food,Kyiv,Silver (AM Segment),1775.6581382751465,106.0,13.119228102849181,2.3596736654725854,10.759554437376597
158561,99768,50006488126,Sushi Story,ua,SMB (AM Segment),Sushi Story Святошинська,Kyiv,Missing AM Segment Trait,1771.5176239013672,78.0,5.4673535189557105,2.3596736654725854,3.107679853483125
179360,134153,50006673982,PERETYN LV Lviv,ua,SMB (AM Segment),Перетин / Peretyn,Lviv,Missing AM Segment Trait,1769.3440628051758,104.0,15.553599247454196,2.3596736654725854,13.19392558198161
51891,35729,8286481,KOI,ua,SMB (AM Segment),KOI,Vinnytsia,Bronze (AM Segment),1768.5950012207031,0.0,12.093590266380074,2.3596736654725854,9.733916600907488
117254,84205,50005384676,DONER MARKET SMK Poltava,ua,SMB (AM Segment),DÖNER МАРКЕТ Соборності,Poltava,Missing AM Segment Trait,1768.5646209716797,147.0,4.177493098939576,2.3596736654725854,1.8178194334669904
161773,43859,50006562721,КарнеМіт,ua,SMB (AM Segment),КарнеМіт / CarneMeat,Vinnytsia,Missing AM Segment Trait,1768.0653686523438,150.0,6.87403941226897,2.3596736654725854,4.5143657467963845
78124,52266,77070040007,Crepes & Cakes,ua,SMB (AM Segment),Млинці. Mon Ami Bakery,Kyiv,Missing AM Segment Trait,1767.8971405029297,97.0,15.618800055009064,2.3596736654725854,13.25912638953648
149701,111388,50006411717,KOCMOC VIN Vinnytsia,ua,SMB (AM Segment),КОСМОС,Vinnytsia,Missing AM Segment Trait,1759.6804504394531,90.0,5.128990238914345,2.3596736654725854,2.7693165734417597
104114,72921,50005397149,MARTI Kharkiv,ua,SMB (AM Segment),Marti,Kharkiv,Missing AM Segment Trait,1757.3882904052734,77.0,7.667472935460753,2.3596736654725854,5.307799269988168
154398,6308,50006443944,Гімалаї,ua,SMB (AM Segment),Гімалаї КФМ / Himalaya KFM,Kyiv,Missing AM Segment Trait,1757.3561897277832,69.0,15.282370264971192,2.3596736654725854,12.922696599498607
30219,21281,6767993,Вареники ТУТ,ua,SMB (AM Segment),Вареники ТУТ Кульпарківська,Lviv,Silver (AM Segment),1757.0755462646484,141.0,11.685415325555368,2.3596736654725854,9.325741660082784
65518,44183,7701488,БорщBurger Bar,ua,SMB (AM Segment),БорщBurger Bar,Kyiv,Bronze (AM Segment),1756.2553482055664,72.0,19.468988883081806,2.3596736654725854,17.109315217609222
118910,85627,50005881633,MESHKANTSI Dnipro,ua,SMB (AM Segment),Мешканці,Dnipro,Missing AM Segment Trait,1751.4367446899414,88.0,6.719277370587608,2.3596736654725854,4.359603705115022
168144,125716,100005050508,Forchino cafe,ua,SMB (AM Segment),Forchino cafe,Kyiv,Missing AM Segment Trait,1750.8137817382812,91.0,23.237341361872982,2.3596736654725854,20.877667696400398
142556,105699,100005037387,Torii,ua,SMB (AM Segment),Torii,Odesa,Missing AM Segment Trait,1750.8025074005127,56.0,7.441051853330308,2.3596736654725854,5.081378187857722
114474,81912,100005021889,ГАЛИЦЬКИЙ КУХОЛЬ,ua,SMB (AM Segment),ГАЛИЦЬКИЙ КУХОЛЬ В.Великого,Lviv,Missing AM Segment Trait,1745.6689910888672,147.0,6.284758534912318,2.3596736654725854,3.9250848694397327
125507,91150,50006090182,GRAND THEFT BURGER Vinnytsia,ua,SMB (AM Segment),GTB - Grand Theft Burger,Vinnytsia,Missing AM Segment Trait,1744.2233428955078,126.0,14.016288954871008,2.3596736654725854,11.656615289398424
165990,120455,50006579950,ONE SAY Kharkiv,ua,SMB (AM Segment),ONE DAY,Kharkiv,Missing AM Segment Trait,1740.5023803710938,0.0,9.060012749005475,2.3596736654725854,6.7003390835328895
90068,61573,100005007499,Валенсіа,ua,SMB (AM Segment),Валенсія,Vinnytsia,Missing AM Segment Trait,1729.3864364624023,103.0,4.01722927686956,2.3596736654725854,1.6575556113969743
73052,48909,82366710029,Ситий двіж,ua,SMB (AM Segment),Ситий двіж,Dnipro,Bronze (AM Segment),1729.2965545654297,164.0,10.491197053989882,2.3596736654725854,8.131523388517298
34953,24541,,Шаурма на Богдана  Хмельницького,ua,SMB (AM Segment),Шаурма на Богдана Хмельницького,Odesa,Bronze (AM Segment),1726.7665100097656,96.0,12.675839487159367,2.3596736654725854,10.31616582168678
27770,19690,,MAYAMY,ua,SMB (AM Segment),MAYAMY,Dnipro,Silver (AM Segment),1724.9183807373047,116.0,15.139277626776439,2.3596736654725854,12.779603961303852
130424,95533,100005031039,Javelin Food,ua,SMB (AM Segment),Javelin Food,Kharkiv,Missing AM Segment Trait,1719.7389297485352,140.0,10.32326615952209,2.3596736654725854,7.963592494049505
144301,107345,100005038405,Territory,ua,SMB (AM Segment),Territory,Dnipro,Missing AM Segment Trait,1717.7083129882812,126.0,12.321115115737937,2.3596736654725854,9.961441450265351
84096,56724,100005003566,Галушка,ua,SMB (AM Segment),Галушка,Kyiv,Missing AM Segment Trait,1712.487506866455,70.0,22.289612063619813,2.3596736654725854,19.92993839814723
79118,53011,77071170007,Kraftkebab,ua,SMB (AM Segment),Kraftkebab,Kyiv,Missing AM Segment Trait,1708.9212493896484,89.0,9.75480576317136,2.3596736654725854,7.395132097698775
34758,24396,7694313,BUDUSUSHI,ua,SMB (AM Segment),BUDUSUSHI,Kyiv,Silver (AM Segment),1707.9174327850342,42.0,11.107318213339168,2.3596736654725854,8.747644547866582
103590,72470,50005171148,MYASOBULKA Kharkiv,ua,SMB (AM Segment),Мʼясобулка,Kharkiv,Missing AM Segment Trait,1707.7191467285156,126.0,4.731821247470516,2.3596736654725854,2.3721475819979307
76187,50992,77067700007,Bonita burger,ua,SMB (AM Segment),Bonita burger Гетьманська,Kyiv,Bronze (AM Segment),1707.1456413269043,89.0,19.2815901204771,2.3596736654725854,16.921916455004517
73239,22363,5187060,Truffaldino — піца на дровах,ua,SMB (AM Segment),Truffaldino — піца на дровах,Lviv,Bronze (AM Segment),1703.6024017333984,126.0,13.292203279198356,2.3596736654725854,10.93252961372577
110126,78143,5133296,KOROLIVSKA PITSTSA SALTIVSKE SHOSSE Kharkiv,ua,SMB (AM Segment),КоролIвська пiцца,Kharkiv,Missing AM Segment Trait,1696.5003051757812,146.0,3.8873149586590774,2.3596736654725854,1.527641293186492
163195,83596,50006565363,Курултай,ua,SMB (AM Segment),Курултай,Ivano-Frankivsk,Missing AM Segment Trait,1675.0291748046875,89.0,18.76207974018643,2.3596736654725854,16.402406074713845
91718,62859,75861250116,Like Pizza,ua,SMB (AM Segment),Shoza pizza,Cherkasy,Missing AM Segment Trait,1666.340446472168,121.0,4.821305126823644,2.3596736654725854,2.4616314613510584
145312,108110,50006369181,SAKURA SUSHI LVIV Lviv,ua,SMB (AM Segment),Sakura sushi,Lviv,Missing AM Segment Trait,1660.2790832519531,86.0,14.410980779340315,2.3596736654725854,12.051307113867729
86086,58404,77076030007,O’zero,ua,SMB (AM Segment),O’zero,Kyiv,Missing AM Segment Trait,1654.8829650878906,59.0,5.93482242042993,2.3596736654725854,3.575148754957344
146586,81912,100005039611,ГАЛИЦЬКИЙ КУХОЛЬ,ua,SMB (AM Segment),ГАЛИЦЬКИЙ КУХОЛЬ Чорновола,Lviv,Missing AM Segment Trait,1649.9172668457031,149.0,6.964291090636221,2.3596736654725854,4.604617425163636
167231,124144,100005050120,Greta домашній ресторан,ua,SMB (AM Segment),Greta домашній ресторан,Kyiv,Missing AM Segment Trait,1642.7809143066406,85.0,20.76614561278246,2.3596736654725854,18.406471947309875
160282,119790,100005046802,Мій кебаб,ua,SMB (AM Segment),Мій кебаб,Lviv,Missing AM Segment Trait,1641.3540496826172,127.0,10.766588617582222,2.3596736654725854,8.406914952109638
130340,95453,12318465,СУШІ-БАР YAMA Vinnytsia,ua,SMB (AM Segment),Суші-бар YAMA вул. Київська,Vinnytsia,Missing AM Segment Trait,1634.4002304077148,97.0,12.06253318633276,2.3596736654725854,9.702859520860173
96506,66577,61861370103,Паб Буха-Rest,ua,SMB (AM Segment),Паб Буха-Rest,Ivano-Frankivsk,Missing AM Segment Trait,1620.5726852416992,82.0,4.827251296742346,2.3596736654725854,2.4675776312697604
51356,35403,5133500,Scorini,ua,SMB (AM Segment),Scorini просп. Тракторобудівників,Kharkiv,Silver (AM Segment),1617.2961196899414,86.0,17.321756657375023,2.3596736654725854,14.962082991902438
118443,85220,100005023971,Бургерна Mr. Bear Grill,ua,SMB (AM Segment),Бургерна Mr. Bear Grill,Odesa,Missing AM Segment Trait,1613.3117370605469,94.0,7.057559601013139,2.3596736654725854,4.697885935540554
75091,50225,51866900042,Monkey Sushi,ua,SMB (AM Segment),Monkey Sushi,Lviv,Bronze (AM Segment),1612.3080825805664,56.0,18.838924878286026,2.3596736654725854,16.47925121281344
118192,84996,50005878809,OLD SCHOOL Kharkiv,ua,SMB (AM Segment),Old School,Kharkiv,Missing AM Segment Trait,1607.1231994628906,102.0,11.333677360843152,2.3596736654725854,8.974003695370566
93735,27135,51866240077,Шаурма & Бургери,ua,SMB (AM Segment),Шаурма & Бургери вул. Льва Толстого,Odesa,Missing AM Segment Trait,1595.2330322265625,121.0,17.809042332621093,2.3596736654725854,15.449368667148509
93197,63940,100005008198,Big Tasty,ua,SMB (AM Segment),Big Tasty,Vinnytsia,Missing AM Segment Trait,1588.0666809082031,180.0,9.263676740494006,2.3596736654725854,6.9040030750214205
89960,61479,82369710029,XA,ua,SMB (AM Segment),Харків.pizzA,Dnipro,Missing AM Segment Trait,1587.9594192504883,100.0,12.145406900397731,2.3596736654725854,9.785733234925146
101555,70775,50005565284,КОЙОТ BRAND Chernivtsi,ua,SMB (AM Segment),Койот,Chernivtsi,Missing AM Segment Trait,1584.967300415039,108.0,10.597797825384193,2.3596736654725854,8.238124159911607
107837,76145,50005539282,CITY RESTOBAR Zhytomyr,ua,SMB (AM Segment),City Restobar,Zhytomyr,Missing AM Segment Trait,1578.9101257324219,91.0,5.229919612142992,2.3596736654725854,2.8702459466704067
144741,35547,50006361544,Whai Thai,ua,SMB (AM Segment),Whai Thai Поділ,Kyiv,Missing AM Segment Trait,1574.660530090332,75.0,15.285413830413258,2.3596736654725854,12.925740164940674
103510,60731,1000050126451,Піца 54,ua,SMB (AM Segment),Pizza 54 вул. С. Петлюри,Kyiv,Missing AM Segment Trait,1573.5924911499023,80.0,10.98147840005849,2.3596736654725854,8.621804734585904
19816,8113,7697646,ITALIST PROSECCO BAR,ua,SMB (AM Segment),Italist Pizza & Pasta,Kyiv,Gold (AM Segment),1571.4675827026367,79.0,8.23921270811569,2.3596736654725854,5.879539042643105
165182,123401,100005049104,SOVASH Dnipro,ua,SMB (AM Segment),Sovash,Dnipro,Missing AM Segment Trait,1566.5446166992188,132.0,5.189396339999502,2.3596736654725854,2.8297226745269164
190360,141908,50006728892,VYNO I VYSA KI Kyiv,ua,SMB (AM Segment),Вино і Вуса,Kyiv,Missing AM Segment Trait,1561.864730834961,49.0,5.877230247577123,2.3596736654725854,3.517556582104538
105729,55720,50005643058,BeerLand,ua,SMB (AM Segment),BeerLand ЖК Файна Таун,Kyiv,Missing AM Segment Trait,1561.405014038086,69.0,8.938108136748058,2.3596736654725854,6.5784344712754725
92526,63441,77076700007,NiKo,ua,SMB (AM Segment),NiKo,Kyiv,Missing AM Segment Trait,1556.6203231811523,72.0,18.140558084148868,2.3596736654725854,15.780884418676283
126487,85903,50006102431,SKYFOOD Kharkiv,ua,SMB (AM Segment),"Sky Food просп. Ювілейний, 52/1",Kharkiv,Missing AM Segment Trait,1556.1199264526367,97.0,15.961749681197029,2.3596736654725854,13.602076015724442
32434,22792,5187068,TheM'ясо,ua,SMB (AM Segment),TheМ'ясо,Lviv,Silver (AM Segment),1555.4652404785156,90.0,18.787958618769643,2.3596736654725854,16.42828495329706
152202,113351,100005042420,"Гастрокафе ""Тарілка""",ua,SMB (AM Segment),"Гастрокафе ""Тарілка""",Kyiv,Missing AM Segment Trait,1554.972999572754,52.0,24.753670294362017,2.3596736654725854,22.393996628889433
97663,65279,82370190029,Шашлична 0085,ua,SMB (AM Segment),Шашлична 0085,Dnipro,Missing AM Segment Trait,1543.3457641601562,70.0,20.980693448637965,2.3596736654725854,18.62101978316538
127526,93007,50006113123,MIMINO Zhytomyr,ua,SMB (AM Segment),Міміно,Zhytomyr,Missing AM Segment Trait,1534.938461303711,79.0,2.927988476234706,2.3596736654725854,0.5683148107621205
98102,67874,61860790103,Хата Багата,ua,SMB (AM Segment),Хата Багата,Ivano-Frankivsk,Missing AM Segment Trait,1534.45947265625,89.0,18.898326282913715,2.3596736654725854,16.53865261744113
65801,44347,8286315,VINNYTSIA FOOD MARKET,ua,SMB (AM Segment),VINNYTSIA FOOD MARKET,Vinnytsia,Silver (AM Segment),1525.1933212280273,77.0,18.610047524903177,2.3596736654725854,16.250373859430592
141198,104433,50006136168,SEVEN Lviv,ua,SMB (AM Segment),Seven,Lviv,Missing AM Segment Trait,1525.1314315795898,84.0,9.705750804492842,2.3596736654725854,7.346077139020257
13175,9561,7699730,La Frusta,ua,SMB (AM Segment),La Frusta,Kyiv,Bronze (AM Segment),1524.7145919799805,70.0,11.027752077333849,2.3596736654725854,8.668078411861263
50886,35103,51860220106,DONER KING,ua,SMB (AM Segment),DONER KING,Vinnytsia,Silver (AM Segment),1514.5841064453125,158.0,6.061046681050605,2.3596736654725854,3.70137301557802
132233,97040,50006171847,MANGA SUSHI KYIV Kyiv,ua,SMB (AM Segment),Manga Sushi,Kyiv,Missing AM Segment Trait,1507.759536743164,46.0,15.208131463268185,2.3596736654725854,12.8484577977956
52558,7439,77048350007,Paul,ua,SMB (AM Segment),PAUL Велика Васильківська,Kyiv,Silver (AM Segment),1500.9279022216797,68.0,10.630575310615907,2.3596736654725854,8.270901645143322
137871,101791,50005460169,SENTA SUSHI Chernivtsi,ua,SMB (AM Segment),Senta Sushi,Chernivtsi,Missing AM Segment Trait,1497.3197631835938,3.0,3.878420981366159,2.3596736654725854,1.5187473158935738
185944,138540,50006709184,7STRAV KYIV Kyiv,ua,SMB (AM Segment),7Страв,Kyiv,Missing AM Segment Trait,1491.6354751586914,78.0,13.653651487101957,2.3596736654725854,11.293977821629372
65280,44029,5186688,Hokkaido Sushi,ua,SMB (AM Segment),Hokkaido Sushi / Хоккайдо Суші,Lviv,Bronze (AM Segment),1491.0235061645508,71.0,16.29727125318679,2.3596736654725854,13.937597587714205
153355,114391,100005043050,VibeFOOD,ua,SMB (AM Segment),VibeFOOD,Kharkiv,Missing AM Segment Trait,1488.2943496704102,79.0,7.018001606925858,2.3596736654725854,4.658327941453273
128566,93914,100005029916,Trap,ua,SMB (AM Segment),Trap,Lviv,Missing AM Segment Trait,1484.4671630859375,95.0,16.48704737082525,2.3596736654725854,14.127373705352664
38937,27014,51861100042,ШОПиво,ua,SMB (AM Segment),ШОПиво,Lviv,Silver (AM Segment),1480.1190185546875,109.0,14.51145811340451,2.3596736654725854,12.151784447931924
52823,36329,77040870007,AYO pizza | burger | kebab,ua,SMB (AM Segment),PLOVYAN,Kyiv,Silver (AM Segment),1473.2609100341797,100.0,13.734459195079125,2.3596736654725854,11.374785529606541
170698,127542,100005051741,Вінницьке живе пиво,ua,SMB (AM Segment),Вінницьке живе пиво на Шевченка,Vinnytsia,Missing AM Segment Trait,1466.9397430419922,160.0,13.596552921365234,2.3596736654725854,11.23687925589265
131446,96392,100005031637,Рамен Карпатський,ua,SMB (AM Segment),RAMEN KARPATSKYI / РАМЕН КАРПАТСЬКИЙ,Ivano-Frankivsk,Missing AM Segment Trait,1464.8648986816406,100.0,14.303674415179797,2.3596736654725854,11.944000749707211
80852,54321,100005001778,Юнітас ,ua,SMB (AM Segment),Юнітас,Lviv,Missing AM Segment Trait,1463.4281768798828,65.0,7.0650485552814795,2.3596736654725854,4.705374889808894
126038,91692,100005028183,Ресторан І Будуть Люди,ua,SMB (AM Segment),Ресторан І Будуть Люди,Kyiv,Missing AM Segment Trait,1459.624755859375,64.0,14.456250981099661,2.3596736654725854,12.096577315627076
174296,130041,100005053374,Іж як вдома(пекарня Завиванець),ua,SMB (AM Segment),"Їж вдома, як в ресторані",Kharkiv,Missing AM Segment Trait,1454.920509338379,97.0,12.898874477494918,2.3596736654725854,10.539200812022333
91109,62401,75860360116,Samurai Sushi,ua,SMB (AM Segment),Самурай суші,Cherkasy,Missing AM Segment Trait,1447.5945205688477,69.0,4.268070557280312,2.3596736654725854,1.908396891807727
69603,46635,77062950007,WOK.SushiPoint,ua,SMB (AM Segment),WOK.SushiPoint Леся Курбаса,Kyiv,Gold (AM Segment),1447.5938186645508,58.0,13.108799796828293,2.3596736654725854,10.749126131355709
161565,120815,50005883286,BEER&BLUES ART PUB Vinnytsia,ua,SMB (AM Segment),Beer&Blues art pub,Vinnytsia,Missing AM Segment Trait,1444.545051574707,59.0,16.02883317334111,2.3596736654725854,13.669159507868525
17509,12680,,FastFoodPODVAL,ua,SMB (AM Segment),FastFoodPODVAL,Kyiv,Bronze (AM Segment),1436.4409294128418,84.0,9.656733177318502,2.3596736654725854,7.297059511845917
51571,35547,77049010007,Whai Thai,ua,SMB (AM Segment),Whai Thai,Kyiv,Silver (AM Segment),1422.7864227294922,59.0,20.46248047496083,2.3596736654725854,18.102806809488246
149611,25921,50006404504,Black Food Шаурма,ua,SMB (AM Segment),BLACK FOOD Шаурма бульвар Слави,Dnipro,Missing AM Segment Trait,1419.527473449707,137.0,5.147665035604988,2.3596736654725854,2.787991370132403
117706,47898,50005875482,115 Kitchen&Bar,ua,SMB (AM Segment),115 Kitchen&Bar вул. Вадима Гетьмана,Kyiv,Missing AM Segment Trait,1418.955234527588,65.0,11.53034722628523,2.3596736654725854,9.170673560812645
118905,85622,100005023262,YISTETYKA VARSHAVSKYI Kyiv,ua,SMB (AM Segment),Їстетика Варшавський,Kyiv,Missing AM Segment Trait,1417.5724411010742,61.0,23.36591739076954,2.3596736654725854,21.006243725296954
180492,135066,50006680414,RESTAURANT AZNAVOUR Ivano-Frankivsk,ua,SMB (AM Segment),Ресторан Aznavour,Ivano-Frankivsk,Missing AM Segment Trait,1415.1494598388672,111.0,11.908287434657632,2.3596736654725854,9.548613769185046
40617,28102,6081339,Рестобар Fresh,ua,SMB (AM Segment),Рестобар Fresh,Lviv,Silver (AM Segment),1414.87601852417,92.0,16.87898267554816,2.3596736654725854,14.519309010075574
89185,60900,77077070007,WEST Drive,ua,SMB (AM Segment),WEST Drive,Boryspil,Missing AM Segment Trait,1414.6159744262695,98.0,6.145606538240695,2.3596736654725854,3.785932872768109
164713,49423,100005049058,SHASHLIKE,ua,SMB (AM Segment),SHASHLIKE,Lviv,Missing AM Segment Trait,1410.44775390625,83.0,17.141075943399166,2.3596736654725854,14.781402277926581
106864,48908,50005645126,Budzzini,ua,SMB (AM Segment),Budzzini Шевченка,Lviv,Missing AM Segment Trait,1407.8179016113281,90.0,11.451687761035727,2.3596736654725854,9.09201409556314
178838,133715,50006671772,DONER MARKET Kharkiv,ua,SMB (AM Segment),DÖNER МАРКЕТ пр-т Героїв Харкова,Kharkiv,Missing AM Segment Trait,1403.4593505859375,86.0,7.291687295666557,2.3596736654725854,4.932013630193971
165910,72503,50006579821,Reef sushi,ua,SMB (AM Segment),REEF SUSHI Шота Руставелі,Kyiv,Missing AM Segment Trait,1401.698013305664,45.0,21.647903982945838,2.3596736654725854,19.288230317473253
92356,63314,5133404,BOWLING 24,ua,SMB (AM Segment),BOWLING 24,Kharkiv,Missing AM Segment Trait,1400.0586471557617,87.0,7.610007977451201,2.3596736654725854,5.250334311978616
132207,94157,50005527854,RED CAT Kharkiv,ua,SMB (AM Segment),Pub Red Cat просп. Олександрівський,Kharkiv,Missing AM Segment Trait,1398.8081893920898,66.0,13.06533363867459,2.3596736654725854,10.705659973202003
159348,119041,100005044928,SHAURMAMA DN Dnipro,ua,SMB (AM Segment),Шаурмама,Dnipro,Missing AM Segment Trait,1398.253189086914,129.0,7.63028902929139,2.3596736654725854,5.270615363818805
125137,90843,50006086823,SHASH&LAVASH Kharkiv,ua,SMB (AM Segment),Shash&lavash,Kharkiv,Missing AM Segment Trait,1383.9734497070312,80.0,4.504575322733439,2.3596736654725854,2.1449016572608537
95780,66001,100005010676,Ocean,ua,SMB (AM Segment),Ocean,Dnipro,Missing AM Segment Trait,1379.4569702148438,58.0,18.90305197689503,2.3596736654725854,16.543378311422444
103700,55573,50005568631,Шаурма Street Food,ua,SMB (AM Segment),Шаурма Street Food просп. Поля,Dnipro,Missing AM Segment Trait,1366.0850219726562,140.0,9.77358382788764,2.3596736654725854,7.413910162415054
117205,84169,50005873811,TBILISI.GE Kyiv,ua,SMB (AM Segment),Tbilisi.Ge вул. Балукова,Kyiv,Missing AM Segment Trait,1354.627426147461,67.0,13.317930666799974,2.3596736654725854,10.95825700132739
146164,108734,100005039367,BAZA Street Food,ua,SMB (AM Segment),BAZA Street Food на Сихівській,Lviv,Missing AM Segment Trait,1351.4361953735352,84.0,12.798427779375269,2.3596736654725854,10.438754113902682
125717,91342,100005027894,НЯ СУШі,ua,SMB (AM Segment),NYA SUSHI,Dnipro,Missing AM Segment Trait,1350.3457107543945,57.0,8.38747816129375,2.3596736654725854,6.027804495821164
96926,66911,61862380103,E2GO,ua,SMB (AM Segment),E2GO,Ivano-Frankivsk,Missing AM Segment Trait,1348.9797439575195,103.0,13.187747682270796,2.3596736654725854,10.828074016798212
82990,55876,77074500007,Pizza45,ua,SMB (AM Segment),Pizza45 Чорнобильська,Kyiv,Missing AM Segment Trait,1344.5629348754883,84.0,13.927283956058265,2.3596736654725854,11.56761029058568
155414,115911,100005043807,HVYLIASTA PASTA BAR Kyiv,ua,SMB (AM Segment),Хвиляста pasta bar,Kyiv,Missing AM Segment Trait,1336.3432235717773,77.0,12.216860805916497,2.3596736654725854,9.857187140443912
37403,26099,5186914,MARINAD MEAT BAR,ua,SMB (AM Segment),MARINAD MEAT BAR,Lviv,Bronze (AM Segment),1329.2703094482422,59.0,18.360752753149143,2.3596736654725854,16.00107908767656
175509,131007,50006611347,PRO GASTRO PUB Uzhhorod,ua,SMB (AM Segment),Pro Gastro Pub,Uzhhorod,Missing AM Segment Trait,1323.7972259521484,88.0,4.451623646893384,2.3596736654725854,2.0919499814207985
98981,68573,61862090103,Шаурмакс / Shaurmax,ua,SMB (AM Segment),Шаурмакс,Ivano-Frankivsk,Missing AM Segment Trait,1323.383041381836,96.0,5.188063663045738,2.3596736654725854,2.8283899975731526
98391,68093,77083150007,М’ясо & Lavasch,ua,SMB (AM Segment),М’ясо & Lavasch бул. Лесі Українки,Kyiv,Missing AM Segment Trait,1313.5866165161133,120.0,9.714828436337163,2.3596736654725854,7.355154770864577
13367,9725,7694223,FOG FACTORY,ua,SMB (AM Segment),FOG FACTORY,Kyiv,Silver (AM Segment),1307.7594909667969,46.0,8.70160520639639,2.3596736654725854,6.341931540923805
30312,21381,5187430,Суші КІОТО,ua,SMB (AM Segment),Суші КІОТО,Lviv,Bronze (AM Segment),1301.4298706054688,52.0,8.25907248084394,2.3596736654725854,5.899398815371355
186589,134006,50006711804,VINNYTSKE PUVO Vinnytsia,ua,SMB (AM Segment),"магазин ""Вінницьке Живе Пиво"" вул. Келецька",Vinnytsia,Missing AM Segment Trait,1297.6135482788086,117.0,7.047427172931739,2.3596736654725854,4.687753507459154
28389,20100,,BratWurst,ua,SMB (AM Segment),BratWurst Катеринославський бульвар,Dnipro,Silver (AM Segment),1291.829978942871,80.0,8.26908891649219,2.3596736654725854,5.909415251019605
89360,61033,5132041,Кристал,ua,SMB (AM Segment),Кристал,Kharkiv,Missing AM Segment Trait,1289.2721786499023,75.0,16.97258673590635,2.3596736654725854,14.612913070433766
102374,71470,50005567734,NORI IF Ivano-Frankivsk,ua,SMB (AM Segment),Nori вул. Михайла Мулика,Ivano-Frankivsk,Missing AM Segment Trait,1288.4412384033203,63.0,9.603396263510522,2.3596736654725854,7.2437225980379365
88833,60633,51868850042,Celentano Ristorante,ua,SMB (AM Segment),Celentano Ristorante Шухевича,Lviv,Missing AM Segment Trait,1282.4401016235352,72.0,7.053663336686438,2.3596736654725854,4.693989671213853
8012,5735,7697409,_Sma4na_Shaurma_,ua,SMB (AM Segment),_Sma4na_Shaurma_,Kyiv,Silver (AM Segment),1280.692886352539,96.0,14.027462959998243,2.3596736654725854,11.667789294525658
22190,15939,7697721,Argentina Grill,ua,SMB (AM Segment),Argentina Grill Тимошенко,Kyiv,Bronze (AM Segment),1277.7263488769531,49.0,20.91014339717674,2.3596736654725854,18.550469731704155
184704,127310,50006702656,BURGER FARM Kyiv,ua,SMB (AM Segment),Burger Farm на Бессарабській площі,Kyiv,Missing AM Segment Trait,1271.0434608459473,62.0,10.30120065786902,2.3596736654725854,7.941526992396434
97098,67052,61861720103,Long Roll,ua,SMB (AM Segment),Long Roll,Ivano-Frankivsk,Missing AM Segment Trait,1268.4670333862305,64.0,7.125683921421365,2.3596736654725854,4.76601025594878
60163,40887,77053510007,Ресторан «ГОСТІДЗЕ»,ua,SMB (AM Segment),Ресторан «ГОСТІДЗЕ» Преображенська,Kyiv,Silver (AM Segment),1260.6763763427734,50.0,16.204651758726705,2.3596736654725854,13.84497809325412
37116,25921,,Black Food Шаурма,ua,SMB (AM Segment),Black Food Шаурма на Соборній,Dnipro,Silver (AM Segment),1260.5165328979492,117.0,6.695412873236298,2.3596736654725854,4.335739207763712
167828,125493,100005050383,Sanatkand ,ua,SMB (AM Segment),Samarkand,Kyiv,Missing AM Segment Trait,1258.4011993408203,60.0,18.327822181221205,2.3596736654725854,15.96814851574862
12134,6634,7698451,Sushi Kyiv,ua,SMB (AM Segment),Sushi Kyiv,Kyiv,Bronze (AM Segment),1258.2440223693848,53.0,14.90891064489197,2.3596736654725854,12.549236979419383
111274,79132,50005687689,SNACK&BURGERS STRYISKA Lviv,ua,SMB (AM Segment),SNACK&BURGERS Спартак,Lviv,Missing AM Segment Trait,1256.7826080322266,104.0,7.9488956969388695,2.3596736654725854,5.589222031466284
67111,45126,7993398,Рибний Ряд,ua,SMB (AM Segment),Рибний Ряд,Odesa,Bronze (AM Segment),1256.4828796386719,50.0,9.911360346927292,2.3596736654725854,7.551686681454707
71161,47612,5131685,Ala cafe,ua,SMB (AM Segment),Ala cafe,Kharkiv,Bronze (AM Segment),1254.7543258666992,84.0,9.848205141949146,2.3596736654725854,7.4885314764765605
43736,30313,5187008,Ресторан Арагві,ua,SMB (AM Segment),Ресторан Арагві,Lviv,Bronze (AM Segment),1253.1466960906982,48.0,20.787555101444266,2.3596736654725854,18.42788143597168
138743,102460,50005183806,DAI KRABA Ivano-Frankivsk,ua,SMB (AM Segment),Доставка суші та піци «Дай Краба»,Ivano-Frankivsk,Missing AM Segment Trait,1247.0760879516602,54.0,17.946145689162304,2.3596736654725854,15.58647202368972
178076,133083,100005080059,raki.est.dnipro,ua,SMB (AM Segment),raki.est.dnipro,Dnipro,Missing AM Segment Trait,1244.1311225891113,0.0,17.31071929424353,2.3596736654725854,14.951045628770945
21925,15662,7696769,Жовте море,ua,SMB (AM Segment),Жовте Море Івасюка,Kyiv,Silver (AM Segment),1243.8963470458984,50.0,12.365057179655478,2.3596736654725854,10.005383514182892
97508,66571,51869340042,BBQ Bark,ua,SMB (AM Segment),BBQ Bark,Lviv,Missing AM Segment Trait,1239.0222244262695,47.0,13.521912819801287,2.3596736654725854,11.162239154328702
72070,48269,77064550007,LITR BEER,ua,SMB (AM Segment),"LITR BEER пиво, вино та смаколики",Kyiv,Bronze (AM Segment),1237.1467666625977,83.0,5.948962352204416,2.3596736654725854,3.5892886867318303
144808,107755,100005038661,Pizza-sushi-express,ua,SMB (AM Segment),Pizza&Sushi Express,Dnipro,Missing AM Segment Trait,1236.4390411376953,54.0,16.25540387262416,2.3596736654725854,13.895730207151576
177337,132520,100005079756,BURGERBEER ,ua,SMB (AM Segment),BURGERBEER,Kharkiv,Missing AM Segment Trait,1235.5477676391602,93.0,14.693600464283968,2.3596736654725854,12.333926798811383
170388,127282,50006594298,FRANKIVSKYI SHAWARMA Ivano-Frankivsk,ua,SMB (AM Segment),Завод Шаурми,Ivano-Frankivsk,Missing AM Segment Trait,1232.1104431152344,109.0,11.138621095378822,2.3596736654725854,8.778947429906236
158966,118712,100005046058,Week,ua,SMB (AM Segment),Week,Vinnytsia,Missing AM Segment Trait,1230.2391891479492,98.0,9.219315553606725,2.3596736654725854,6.859641888134139
43793,30060,,Кафе e.Da,ua,SMB (AM Segment),Кафе e.Da Лесі Українки,Dnipro,Silver (AM Segment),1227.1290130615234,114.0,10.239144466353972,2.3596736654725854,7.8794708008813865
64509,43588,82364540029,QUICK BITE,ua,SMB (AM Segment),QUICK BITE,Dnipro,Silver (AM Segment),1225.6941833496094,116.0,5.0328431992074805,2.3596736654725854,2.673169533734895
144625,107608,100005038561,ROAD FOOD,ua,SMB (AM Segment),ROAD FOOD,Kyiv,Missing AM Segment Trait,1224.571548461914,61.0,15.748691730298038,2.3596736654725854,13.389018064825454
89958,61475,82369700029,Tuk-tuk Asia,ua,SMB (AM Segment),Tuk-tuk Asia,Dnipro,Missing AM Segment Trait,1220.5827255249023,57.0,9.596171218690639,2.3596736654725854,7.2364975532180535
122932,88984,50005941139,PASTA ITALIANO Kyiv,ua,SMB (AM Segment),PASTA ITALIANO вул. Вадима Гетьмана,Kyiv,Missing AM Segment Trait,1220.1355514526367,67.0,8.534206391975738,2.3596736654725854,6.174532726503153
72729,41437,51336780029,Burgers,ua,SMB (AM Segment),Burgers Олександра Поля пр-т,Dnipro,Silver (AM Segment),1214.748233795166,63.0,19.824217426711176,2.3596736654725854,17.46454376123859
169027,126430,100005051033,Berliner Doner ,ua,SMB (AM Segment),Berliner Doner,Vinnytsia,Missing AM Segment Trait,1202.2450561523438,117.0,9.269877806835488,2.3596736654725854,6.910204141362903
62806,42593,7696501,EcoBuffet,ua,SMB (AM Segment),"Вегетаріанське кафе  ""EcoBuffet""",Kyiv,Silver (AM Segment),1189.7398834228516,77.0,15.796930044048674,2.3596736654725854,13.437256378576087
183892,136945,100005082589,Cinnamon Bakery,ua,SMB (AM Segment),Cinnamon Bakery,Lviv,Missing AM Segment Trait,1183.229362487793,78.0,11.90638996890667,2.3596736654725854,9.546716303434085
19285,14007,7696410,Sushi-Time,ua,SMB (AM Segment),Sushi-Time,Kyiv,Bronze (AM Segment),1182.814468383789,67.0,14.028679020875556,2.3596736654725854,11.66900535540297
65678,44279,5186789,Вино і М'ясо,ua,SMB (AM Segment),Вино і М'ясо Озаркевича,Lviv,Missing AM Segment Trait,1181.4288711547852,43.0,19.79383581103393,2.3596736654725854,17.434162145561345
104013,72475,50005598411,SMACHNO PROJECT / Chicken Dinner,ua,SMB (AM Segment),Chicken Dinner вул. Сагайдачного,Kyiv,Missing AM Segment Trait,1178.324363708496,70.0,14.361107329298287,2.3596736654725854,12.0014336638257
107831,75672,50005661615,KABUKI IF Ivano-Frankivsk,ua,SMB (AM Segment),Кабукі вул. Короля Данила,Ivano-Frankivsk,Missing AM Segment Trait,1175.7822875976562,45.0,17.575877184649496,2.3596736654725854,15.216203519176911
19357,14061,7699820,Chinanay,ua,SMB (AM Segment),Chinanay Cafe проспект Соборності,Kyiv,Silver (AM Segment),1169.907241821289,59.0,15.545295811230735,2.3596736654725854,13.185622145758149
139110,102737,50006295507,MAHAZYN-KAFE BAVARIA Kyiv,ua,SMB (AM Segment),Магазин-кафе Bavaria,Kyiv,Missing AM Segment Trait,1168.2532424926758,70.0,2.4671708333885984,2.3596736654725854,0.10749716791601305
184317,137271,50006697524,SUSHI STORY Lviv,ua,SMB (AM Segment),Sushi Story Чорновола,Lviv,Missing AM Segment Trait,1141.49560546875,63.0,10.72298993704051,2.3596736654725854,8.363316271567925
79243,53092,77070510007,Pizza della Mozzarella,ua,SMB (AM Segment),Pizza della Mozzarella,Kyiv,Missing AM Segment Trait,1136.9671783447266,61.0,10.471724117531712,2.3596736654725854,8.112050452059126
142704,105814,100005037456,KIM cafe,ua,SMB (AM Segment),KIM cafe,Odesa,Missing AM Segment Trait,1136.2770462036133,73.0,16.01521810602078,2.3596736654725854,13.655544440548194
73601,16091,5132059,44 Favorite Place,ua,SMB (AM Segment),44 Favorite Place,Kharkiv,Bronze (AM Segment),1134.1223678588867,45.0,11.716056702067565,2.3596736654725854,9.35638303659498
155250,115764,50006449526,EDVA.CAFE Zhytomyr,ua,SMB (AM Segment),Edva.cafe,Zhytomyr,Missing AM Segment Trait,1123.6845779418945,89.0,3.8919580825147624,2.3596736654725854,1.532284417042177
95336,65627,51863460106,Мама Pizza,ua,SMB (AM Segment),Мама Pizza,Vinnytsia,Missing AM Segment Trait,1123.1816482543945,65.0,4.849037860028551,2.3596736654725854,2.4893641945559652
113561,81118,50005825976,THE REBRA Lviv,ua,SMB (AM Segment),The РЕБРА,Lviv,Missing AM Segment Trait,1119.1796493530273,40.0,8.721984364901857,2.3596736654725854,6.362310699429272
63018,42719,7695893,New Bombay Palace,ua,SMB (AM Segment),New Bombay Palace,Kyiv,Bronze (AM Segment),1119.149227142334,29.0,22.08484708588917,2.3596736654725854,19.725173420416585
179082,133922,50006672652,FUGAZZETA Lviv,ua,SMB (AM Segment),Fugazzeta на Леся Курбаса,Lviv,Missing AM Segment Trait,1113.5692100524902,50.0,19.35508589511731,2.3596736654725854,16.995412229644725
175023,130616,100005053764,Big Tato,ua,SMB (AM Segment),Big Tato,Dnipro,Missing AM Segment Trait,1111.6424179077148,85.0,13.847957600276366,2.3596736654725854,11.488283934803782
95489,65748,51864490042,UniForce,ua,SMB (AM Segment),UniForce,Lviv,Missing AM Segment Trait,1109.5772399902344,58.0,9.93065466278471,2.3596736654725854,7.570980997312124
183652,112768,100005082410,MOONIELL FOOD Ivano-Frankivsk,ua,SMB (AM Segment),MOONIELL FOOD,Ivano-Frankivsk,Missing AM Segment Trait,1108.8902130126953,88.0,10.858331927248303,2.3596736654725854,8.498658261775716
185129,137935,50006705564,DOGS&BURGERS Kharkiv,ua,SMB (AM Segment),DOGS&BURGERS,Kharkiv,Missing AM Segment Trait,1105.0049285888672,76.0,6.308276943556113,2.3596736654725854,3.948603278083527
144016,107094,50005571024,7BA PIZZA Ivano-Frankivsk,ua,SMB (AM Segment),7БА PIZZA,Ivano-Frankivsk,Missing AM Segment Trait,1102.5652770996094,65.0,7.268176691087172,2.3596736654725854,4.9085030256145865
48119,33286,,Lavinia,ua,SMB (AM Segment),Lavinia,Vinnytsia,Silver (AM Segment),1100.4823303222656,52.0,15.240553195100304,2.3596736654725854,12.88087952962772
143683,106727,100005037991,Посольство суші,ua,SMB (AM Segment),Посольство суші,Vinnytsia,Missing AM Segment Trait,1099.3892650604248,60.0,8.514250619303185,2.3596736654725854,6.1545769538306
177346,132529,50005851366,VAN ZI BO / VANZIBO Kyiv,ua,SMB (AM Segment),Van zi bo / vanzibo,Kyiv,Missing AM Segment Trait,1098.3739128112793,51.0,16.752387127645715,2.3596736654725854,14.39271346217313
164210,122740,100005048844,Nikari Sushi,ua,SMB (AM Segment),Nikari Sushi,Kyiv,Missing AM Segment Trait,1093.3540344238281,39.0,14.713359363497249,2.3596736654725854,12.353685698024663
9290,6662,7695422,Napoli Pizza,ua,SMB (AM Segment),Napoli Pizza,Kyiv,Bronze (AM Segment),1092.2518005371094,55.0,10.461802316158124,2.3596736654725854,8.10212865068554
157226,117405,100005045207,Кухня в Коробці,ua,SMB (AM Segment),Кухня в Коробці,Lviv,Missing AM Segment Trait,1090.8757400512695,86.0,16.644117320303184,2.3596736654725854,14.2844436548306
169143,126526,100005051095,47 Cafe Bistro,ua,SMB (AM Segment),47 Cafe Bistro,Rivne,Missing AM Segment Trait,1088.817554473877,54.0,3.705832547535475,2.3596736654725854,1.3461588820628898
178983,133836,100005080512,Кумпір хаус,ua,SMB (AM Segment),Kumpir house,Poltava,Missing AM Segment Trait,1088.0696868896484,84.0,13.998680814570818,2.3596736654725854,11.639007149098234
150319,111880,100005041550,SoKo Sushi,ua,SMB (AM Segment),SoKo Sushi,Kyiv,Missing AM Segment Trait,1077.6590404510498,38.0,23.409397106199144,2.3596736654725854,21.04972344072656
22328,16036,7694840,VERY TASTY CAFE,ua,SMB (AM Segment),VERY TASTY CAFE,Kyiv,Bronze (AM Segment),1074.4065704345703,47.0,14.379645609974245,2.3596736654725854,12.019971944501659
94387,64878,51864780105,Forno - піца на дровах,ua,SMB (AM Segment),Forno - піца на дровах,Kharkiv,Missing AM Segment Trait,1071.8562660217285,79.0,7.644929003466142,2.3596736654725854,5.285255337993557
63688,42424,77057620007,Kebab Grill Kyiv,ua,SMB (AM Segment),Kebab Grill Kyiv Срібнокільська,Kyiv,Silver (AM Segment),1071.7128219604492,108.0,15.0003377374448,2.3596736654725854,12.640664071972214
108363,76595,100005018285,Гамарджоба шаурма ,ua,SMB (AM Segment),Гамарджоба шаурма,Zhytomyr,Missing AM Segment Trait,1071.2220077514648,120.0,6.857645440393371,2.3596736654725854,4.497971774920786
28730,20321,,Petrovka Pub,ua,SMB (AM Segment),Petrovka Pub,Dnipro,Bronze (AM Segment),1067.4921321868896,51.0,10.905288951912956,2.3596736654725854,8.54561528644037
123280,89273,100005026447,Beer Vibe,ua,SMB (AM Segment),Beer Vibe Gastropub,Kyiv,Missing AM Segment Trait,1065.5400714874268,59.0,9.67968975086476,2.3596736654725854,7.320016085392175
78869,52813,5186885,K-FOOD,ua,SMB (AM Segment),K-FOOD,Lviv,Missing AM Segment Trait,1065.2511940002441,54.0,20.038391809732932,2.3596736654725854,17.678718144260348
115661,82876,50005153396,ESTETYCHNIY GALAMIDER Kyiv,ua,SMB (AM Segment),Естетичний Галамидер,Kyiv,Missing AM Segment Trait,1065.1296005249023,45.0,18.006512804824645,2.3596736654725854,15.64683913935206
69615,46635,7699982,WOK.SushiPoint,ua,SMB (AM Segment),WOK.SushiPoint Харківське шосе,Kyiv,Gold (AM Segment),1064.2825202941895,46.0,10.699931131809088,2.3596736654725854,8.340257466336503
178835,133715,50006671762,DONER MARKET Kharkiv,ua,SMB (AM Segment),DÖNER МАРКЕТ ТРЦ Французький бульвар,Kharkiv,Missing AM Segment Trait,1063.4289054870605,85.0,3.2012037841622027,2.3596736654725854,0.8415301186896174
120114,86659,5133360,SORRENTO Kharkiv,ua,SMB (AM Segment),Sorrento,Kharkiv,Missing AM Segment Trait,1063.380573272705,58.0,20.69664073107035,2.3596736654725854,18.336967065597765
142619,45970,50006343361,Art Sushi,ua,SMB (AM Segment),ART SUSHI Євгена Сверстюка,Kyiv,Missing AM Segment Trait,1061.346176147461,29.0,12.050323081060727,2.3596736654725854,9.69064941558814
156040,116416,100005044540,По Кухлю,ua,SMB (AM Segment),По Кухлю,Kyiv,Missing AM Segment Trait,1052.3420104980469,89.0,13.343732998033271,2.3596736654725854,10.984059332560687
96854,66859,61861840103,Краст,ua,SMB (AM Segment),Краст вул. Січових Стрільців,Ivano-Frankivsk,Missing AM Segment Trait,1051.6124649047852,109.0,8.624569436022558,2.3596736654725854,6.264895770549972
194230,144539,50006749464,SMAK DOMY LV Lviv,ua,SMB (AM Segment),Смак дому Фурманська,Lviv,Missing AM Segment Trait,1050.6672554016113,56.0,16.568786303587906,2.3596736654725854,14.209112638115322
134788,99182,100005033329,Львівська реберня,ua,SMB (AM Segment),Львівська реберня,Kyiv,Missing AM Segment Trait,1049.0332565307617,40.0,14.050366231328113,2.3596736654725854,11.690692565855528
82260,55333,77071880007,Колиба Село і Люди,ua,SMB (AM Segment),Колиба Село і Люди,Kyiv,Missing AM Segment Trait,1046.2242889404297,36.0,17.18805437527451,2.3596736654725854,14.828380709801927
49307,34027,51860140106,Pronto Pizza Sushi Pro,ua,SMB (AM Segment),Pronto Pizza Sushi Pro,Vinnytsia,Bronze (AM Segment),1044.4573974609375,68.0,16.507757591867648,2.3596736654725854,14.148083926395064
186809,139201,50006712813,AMO SUSHI Kyiv,ua,SMB (AM Segment),Amo Sushi,Kyiv,Missing AM Segment Trait,1044.2583084106445,60.0,8.394705558308512,2.3596736654725854,6.035031892835927
150245,111820,100005018594,DON GUSTAVO Chernivtsi,ua,SMB (AM Segment),Дон Густаво,Chernivtsi,Missing AM Segment Trait,1044.1452407836914,82.0,10.094347238808226,2.3596736654725854,7.73467357333564
111720,79509,50005686645,NASTYA BALUVANA Lviv,ua,SMB (AM Segment),Настя Балувана,Lviv,Missing AM Segment Trait,1040.714973449707,46.0,2.6730971092488285,2.3596736654725854,0.3134234437762431
73819,49391,51865450042,Медівня -1979-,ua,SMB (AM Segment),Медівня -1979-,Lviv,Bronze (AM Segment),1038.9481735229492,62.0,11.330413338752505,2.3596736654725854,8.970739673279919
143540,106544,100005037895,ресторан УРАРТУ,ua,SMB (AM Segment),Ресторанний комплекс  УРАРТУ,Kharkiv,Missing AM Segment Trait,1036.159408569336,54.0,13.956370100390478,2.3596736654725854,11.596696434917892
91508,62713,77079610007,Мазза-Тандир,ua,SMB (AM Segment),Мазза Соборна,Irpin,Missing AM Segment Trait,1032.1328887939453,106.0,5.68088046191544,2.3596736654725854,3.321206796442855
155921,116317,5132569,OTTANTOTTO 88 Kharkiv,ua,SMB (AM Segment),Ottantotto 88,Kharkiv,Missing AM Segment Trait,1031.1976013183594,57.0,9.987727486071957,2.3596736654725854,7.628053820599372
20775,15037,7699970,Настоящий Шашлык,ua,SMB (AM Segment),Справжній Шашлик Святошино,Kyiv,Bronze (AM Segment),1029.2542304992676,39.0,15.49355112928455,2.3596736654725854,13.133877463811963
46371,32118,7695634,Монтеккі v Капулетті,ua,SMB (AM Segment),CAPULETI,Kyiv,Bronze (AM Segment),1027.2947463989258,46.0,23.593339574694692,2.3596736654725854,21.233665909222108
95232,5737,77045630007,Yoshi Fujiwara,ua,SMB (AM Segment),Fujiwara Yoshi вул. Солом'янська,Kyiv,Missing AM Segment Trait,1027.2761917114258,21.0,16.688019545457127,2.3596736654725854,14.328345879984543
141617,104812,50006204150,SPIEGEL Kharkiv,ua,SMB (AM Segment),Spiegel,Kharkiv,Missing AM Segment Trait,1026.9754219055176,61.0,6.2645723379188,2.3596736654725854,3.9048986724462145
188261,132292,50006718803,ZHYTO CAFE BAKERY Ivano-Frankivsk,ua,SMB (AM Segment),"Бістро ""Жито""",Ivano-Frankivsk,Missing AM Segment Trait,1020.5907516479492,65.0,13.091033379755746,2.3596736654725854,10.731359714283162
111079,78978,50005685566,MUNCHEN Poltava,ua,SMB (AM Segment),Мюнхен,Poltava,Missing AM Segment Trait,1016.8315963745117,43.0,3.028805319007239,2.3596736654725854,0.6691316535346536
123380,89353,50005146505,MEATDADDY Kharkiv,ua,SMB (AM Segment),Meatdaddy,Kharkiv,Missing AM Segment Trait,1014.0976791381836,92.0,10.544260356719887,2.3596736654725854,8.1845866912473
149657,111350,50006079004,SHAURMA BRO Dnipro,ua,SMB (AM Segment),Шаурма БРО,Dnipro,Missing AM Segment Trait,1012.3472862243652,101.0,2.43850142359789,2.3596736654725854,0.07882775812530474
183830,86506,50006693007,STARYI TBILISI ODESA Odesa,ua,SMB (AM Segment),Старий Тбілісі,Odesa,Missing AM Segment Trait,1007.4359970092773,40.0,7.635869916912925,2.3596736654725854,5.276196251440339
164666,123080,50006365151,KALE LOUNGE BAR Ivano-Frankivsk,ua,SMB (AM Segment),Kale Lounge Bar,Ivano-Frankivsk,Missing AM Segment Trait,1006.802490234375,59.0,15.706039761747663,2.3596736654725854,13.346366096275077
145761,108423,50005487086,GRKY MLYNTSI Kyiv,ua,SMB (AM Segment),GRKY млинці вул. Велика Васильківська,Kyiv,Missing AM Segment Trait,1006.5361404418945,89.0,9.96384394226412,2.3596736654725854,7.6041702767915345
31711,22358,5186434,Українське подвір'я,ua,SMB (AM Segment),Українське подвір'я,Lviv,Bronze (AM Segment),1002.6398038864136,47.0,5.128462004827944,2.3596736654725854,2.7687883393553587
